[{"name":"ISEQ$$_3339844","lastNumber":1},{"name":"ISEQ$$_3340039","lastNumber":1},{"name":"ISEQ$$_3339847","lastNumber":1},{"name":"TSEXITSTATUS_SEQ","lastNumber":1},{"name":"ISEQ$$_3339728","lastNumber":1},{"name":"REPPLATFORM_SEQ","lastNumber":5},{"name":"SERIESDATA_SEQ","lastNumber":1},{"name":"OPSYS_SEQ","lastNumber":6},{"name":"ISEQ$$_3339691","lastNumber":1},{"name":"ISEQ$$_3340033","lastNumber":1},{"name":"PRIORITY_SEQ","lastNumber":6},{"name":"BUGSEEALSO_SEQ","lastNumber":1},{"name":"ISEQ$$_3340203","lastNumber":1},{"name":"MILESTONE_SEQ","lastNumber":3},{"name":"CLASSIFICATION_SEQ","lastNumber":2},{"name":"BOARD_SEQ","lastNumber":21},{"name":"NAMEDQUERYLINKINFOOTER_SEQ","lastNumber":1},{"name":"ISEQ$$_3339694","lastNumber":1},{"name":"ISEQ$$_4192406","lastNumber":1},{"name":"ISEQ$$_3339698","lastNumber":1},{"name":"ISEQ$$_3339731","lastNumber":1},{"name":"AGILE_PROGRESS_COND_SEQ","lastNumber":1},{"name":"FLAGTYPES_SEQ","lastNumber":1},{"name":"ISEQ$$_3339667","lastNumber":1},{"name":"VERSION_SEQ","lastNumber":1},{"name":"SPRINT_SEQ","lastNumber":1},{"name":"ISEQ$$_3339706","lastNumber":1},{"name":"ISEQ$$_3339664","lastNumber":1},{"name":"ISEQ$$_3339784","lastNumber":1},{"name":"SETTINGVALUE_SEQ","lastNumber":1},{"name":"PROFILEACTIVITY_SEQ","lastNumber":1},{"name":"AGILE_EVENT_SEQ","lastNumber":1},{"name":"COMPONENT_SEQ","lastNumber":2},{"name":"ISEQ$$_3339713","lastNumber":1},{"name":"ISEQ$$_3339836","lastNumber":1},{"name":"FIELDDEF_SEQ","lastNumber":83},{"name":"TASKSEVERITY_SEQ","lastNumber":8},{"name":"ISEQ$$_3339795","lastNumber":1},{"name":"WHINEQUERY_SEQ","lastNumber":1},{"name":"ISEQ$$_3339798","lastNumber":1},{"name":"CATEGORYGROUPMAP_SEQ","lastNumber":1},{"name":"PROFILE_SEQ","lastNumber":83},{"name":"REVIEWERSTATUS_SEQ","lastNumber":2},{"name":"ISEQ$$_3339767","lastNumber":1},{"name":"ISEQ$$_3339887","lastNumber":1},{"name":"ISEQ$$_3339801","lastNumber":1},{"name":"BRANCHID_SEQ","lastNumber":1},{"name":"ISEQ$$_3339806","lastNumber":1},{"name":"SAVEDTASKQUERY_SEQ","lastNumber":1},{"name":"ISEQ$$_3339884","lastNumber":1},{"name":"BZSCHEMA_SEQ","lastNumber":1},{"name":"FLAGS_SEQ","lastNumber":1},{"name":"ISEQ$$_3339764","lastNumber":1},{"name":"TSFUNCMAP_SEQ","lastNumber":1},{"name":"CALENDAR_SEQ","lastNumber":1},{"name":"BUILDSTATUS_SEQ","lastNumber":1},{"name":"RELATEDISSUE_SEQ","lastNumber":1},{"name":"GROUP_SEQ","lastNumber":14},{"name":"ISEQ$$_3340198","lastNumber":1},{"name":"CONFIGURATIONPROPERTY_SEQ","lastNumber":2},{"name":"SAVEDREVIEWQUERY_SEQ","lastNumber":1},{"name":"TASKTYPE_SEQ","lastNumber":4},{"name":"TSJOB_SEQ","lastNumber":1},{"name":"USERGROUPMAP_SEQ","lastNumber":1},{"name":"CF_ITERATION_ID_SEQ","lastNumber":12},{"name":"ISEQ$$_3339810","lastNumber":1},{"name":"PROFILESETTING_SEQ","lastNumber":1},{"name":"ISEQ$$_3339659","lastNumber":1},{"name":"CAL_ENTRY_SEQ","lastNumber":1},{"name":"ISEQ$$_4192561","lastNumber":1},{"name":"ISEQ$$_3339775","lastNumber":1},{"name":"AGILE_PROGRESS_SEQ","lastNumber":21},{"name":"PRODUCT_SEQ","lastNumber":2},{"name":"REVIEWERGROUP_SEQ","lastNumber":1},{"name":"ISEQ$$_3340087","lastNumber":1},{"name":"QUIPS_SEQ","lastNumber":1},{"name":"ISEQ$$_3339866","lastNumber":1},{"name":"ISEQ$$_3339744","lastNumber":1},{"name":"TASK_SEQ","lastNumber":21},{"name":"ISEQ$$_3340219","lastNumber":1},{"name":"WHINESCHEDULE_SEQ","lastNumber":1},{"name":"NAMEDQUERY_SEQ","lastNumber":1},{"name":"USERGROUP_PROFILE_SEQ","lastNumber":10},{"name":"ISEQ$$_3339741","lastNumber":1},{"name":"RESOURCE_DEPENDENCIES_SEQ","lastNumber":1},{"name":"SERIESCATEGORIES_SEQ","lastNumber":1},{"name":"REPOID_SEQ","lastNumber":1},{"name":"TASKSTATUS_SEQ","lastNumber":8},{"name":"WATCH_SEQ","lastNumber":1},{"name":"ISEQ$$_3339756","lastNumber":1},{"name":"ISEQ$$_3340227","lastNumber":1},{"name":"KEYWORDDEF_SEQ","lastNumber":4},{"name":"ISEQ$$_3339759","lastNumber":1},{"name":"LOGINFAILURE_SEQ","lastNumber":1},{"name":"ISEQ$$_3339871","lastNumber":1},{"name":"ISEQ$$_3339751","lastNumber":1},{"name":"WHINEEVENT_SEQ","lastNumber":1},{"name":"ISEQ$$_3339632","lastNumber":1},{"name":"NAMEDQUERYGROUPMAP_SEQ","lastNumber":1},{"name":"RESOLUTION_SEQ","lastNumber":8},{"name":"SERIES_SEQ","lastNumber":1},{"name":"ATTACHMENT_SEQ","lastNumber":1},{"name":"RELATEDBUILDJOB_SEQ","lastNumber":1},{"name":"COMMENT_SEQ","lastNumber":7},{"name":"RELATEDPROPERTY_SEQ","lastNumber":2},{"name":"USERGROUP_SEQ","lastNumber":10}]