{"customFields":[{"name":"task_relations","fieldType":"LONG_TEXT","description":"Associations","availableForNewTasks":false,"obsolete":false},{"name":"tasktype","fieldType":"SINGLE_SELECT","description":"Type","availableForNewTasks":true,"obsolete":false,"values":[{"value":"Task","sortkey":0,"isActive":true},{"value":"Defect","sortkey":10,"isActive":true},{"value":"Feature","sortkey":20,"isActive":true},{"value":"Review","sortkey":30,"isActive":true},{"value":"Story","sortkey":40,"isActive":true},{"value":"Epic","sortkey":50,"isActive":true}]},{"name":"iteration","fieldType":"SINGLE_SELECT","description":"Iteration","availableForNewTasks":true,"obsolete":false,"values":[{"value":"---","sortkey":0,"isActive":true}]}],"modelVersion":"1"}