[{"ID":281,"CREATIONDATE":"2021-01-12 12:35:16.955","MODIFICATIONDATE":"2021-01-12 12:35:16.955","VERSION":1,"JSON":"a_f19_mako-build-json-1.blob","JOBID":21,"BUILDNUMBER":18,"JSONLENGTH":4708},{"ID":108,"CREATIONDATE":"2020-11-26 15:30:32.63","MODIFICATIONDATE":"2020-11-26 15:30:32.63","VERSION":1,"JSON":"a_f19_mako-build-json-2.blob","JOBID":21,"BUILDNUMBER":7,"JSONLENGTH":4718},{"ID":109,"CREATIONDATE":"2020-11-26 19:36:38.498","MODIFICATIONDATE":"2020-11-26 19:36:38.498","VERSION":1,"JSON":"a_f19_mako-build-json-3.blob","JOBID":23,"BUILDNUMBER":4,"JSONLENGTH":6644},{"ID":145,"CREATIONDATE":"2020-11-30 17:29:04.998","MODIFICATIONDATE":"2020-11-30 17:29:04.998","VERSION":1,"JSON":"a_f19_mako-build-json-4.blob","JOBID":23,"BUILDNUMBER":7,"JSONLENGTH":6644},{"ID":301,"CREATIONDATE":"2021-01-13 16:36:36.592","MODIFICATIONDATE":"2021-01-13 16:36:36.592","VERSION":1,"JSON":"a_f19_mako-build-json-5.blob","JOBID":23,"BUILDNUMBER":14,"JSONLENGTH":6643},{"ID":501,"CREATIONDATE":"2021-03-25 13:41:15.109","MODIFICATIONDATE":"2021-03-25 13:41:15.109","VERSION":1,"JSON":"a_f19_mako-build-json-6.blob","JOBID":41,"BUILDNUMBER":16,"JSONLENGTH":5078},{"ID":521,"CREATIONDATE":"2021-04-25 12:13:01.967","MODIFICATIONDATE":"2021-04-25 12:13:01.967","VERSION":1,"JSON":"a_f19_mako-build-json-7.blob","JOBID":23,"BUILDNUMBER":19,"JSONLENGTH":6643},{"ID":562,"CREATIONDATE":"2021-04-29 09:09:44.074","MODIFICATIONDATE":"2021-04-29 09:09:44.074","VERSION":1,"JSON":"a_f19_mako-build-json-8.blob","JOBID":21,"BUILDNUMBER":25,"JSONLENGTH":4708},{"ID":563,"CREATIONDATE":"2021-04-29 09:45:43.11","MODIFICATIONDATE":"2021-04-29 09:45:43.11","VERSION":1,"JSON":"a_f19_mako-build-json-9.blob","JOBID":41,"BUILDNUMBER":18,"JSONLENGTH":5078},{"ID":204,"CREATIONDATE":"2020-12-02 17:01:21.45","MODIFICATIONDATE":"2020-12-02 17:01:21.45","VERSION":1,"JSON":"a_f19_mako-build-json-10.blob","JOBID":22,"BUILDNUMBER":6,"JSONLENGTH":5296},{"ID":205,"CREATIONDATE":"2020-12-03 09:54:42.559","MODIFICATIONDATE":"2020-12-03 09:54:42.559","VERSION":1,"JSON":"a_f19_mako-build-json-11.blob","JOBID":21,"BUILDNUMBER":17,"JSONLENGTH":4708},{"ID":242,"CREATIONDATE":"2020-12-03 10:02:00.356","MODIFICATIONDATE":"2020-12-03 10:02:00.356","VERSION":1,"JSON":"a_f19_mako-build-json-12.blob","JOBID":41,"BUILDNUMBER":9,"JSONLENGTH":5078},{"ID":206,"CREATIONDATE":"2020-12-03 10:04:40.07","MODIFICATIONDATE":"2020-12-03 10:04:40.07","VERSION":1,"JSON":"a_f19_mako-build-json-13.blob","JOBID":22,"BUILDNUMBER":8,"JSONLENGTH":5296},{"ID":282,"CREATIONDATE":"2021-01-12 13:04:50.672","MODIFICATIONDATE":"2021-01-12 13:04:50.672","VERSION":1,"JSON":"a_f19_mako-build-json-14.blob","JOBID":41,"BUILDNUMBER":11,"JSONLENGTH":5078},{"ID":103,"CREATIONDATE":"2020-11-26 14:44:40.815","MODIFICATIONDATE":"2020-11-26 14:44:40.815","VERSION":1,"JSON":"a_f19_mako-build-json-15.blob","JOBID":21,"BUILDNUMBER":2,"JSONLENGTH":4711},{"ID":141,"CREATIONDATE":"2020-11-30 08:49:27.796","MODIFICATIONDATE":"2020-11-30 08:49:27.796","VERSION":1,"JSON":"a_f19_mako-build-json-16.blob","JOBID":21,"BUILDNUMBER":12,"JSONLENGTH":4711},{"ID":142,"CREATIONDATE":"2020-11-30 08:49:53.508","MODIFICATIONDATE":"2020-11-30 08:49:53.508","VERSION":1,"JSON":"a_f19_mako-build-json-17.blob","JOBID":23,"BUILDNUMBER":6,"JSONLENGTH":6644},{"ID":164,"CREATIONDATE":"2020-11-30 17:48:52.838","MODIFICATIONDATE":"2020-11-30 17:48:52.838","VERSION":1,"JSON":"a_f19_mako-build-json-18.blob","JOBID":21,"BUILDNUMBER":13,"JSONLENGTH":4710},{"ID":203,"CREATIONDATE":"2020-12-02 16:58:08.64","MODIFICATIONDATE":"2020-12-02 16:58:08.64","VERSION":1,"JSON":"a_f19_mako-build-json-19.blob","JOBID":41,"BUILDNUMBER":7,"JSONLENGTH":5078},{"ID":303,"CREATIONDATE":"2021-01-13 16:51:47.002","MODIFICATIONDATE":"2021-01-13 16:51:47.002","VERSION":1,"JSON":"a_f19_mako-build-json-20.blob","JOBID":22,"BUILDNUMBER":11,"JSONLENGTH":5296},{"ID":381,"CREATIONDATE":"2021-02-20 15:37:06.367","MODIFICATIONDATE":"2021-02-20 15:37:06.367","VERSION":1,"JSON":"a_f19_mako-build-json-21.blob","JOBID":22,"BUILDNUMBER":12,"JSONLENGTH":5296},{"ID":482,"CREATIONDATE":"2021-03-25 13:23:23.813","MODIFICATIONDATE":"2021-03-25 13:23:23.813","VERSION":1,"JSON":"a_f19_mako-build-json-22.blob","JOBID":21,"BUILDNUMBER":23,"JSONLENGTH":4708},{"ID":522,"CREATIONDATE":"2021-04-25 12:18:25.665","MODIFICATIONDATE":"2021-04-25 12:18:25.665","VERSION":1,"JSON":"a_f19_mako-build-json-23.blob","JOBID":21,"BUILDNUMBER":24,"JSONLENGTH":4708},{"ID":541,"CREATIONDATE":"2021-04-25 14:14:06.991","MODIFICATIONDATE":"2021-04-25 14:14:06.991","VERSION":1,"JSON":"a_f19_mako-build-json-24.blob","JOBID":41,"BUILDNUMBER":17,"JSONLENGTH":5078},{"ID":223,"CREATIONDATE":"2020-12-02 17:08:01.092","MODIFICATIONDATE":"2020-12-02 17:08:01.092","VERSION":1,"JSON":"a_f19_mako-build-json-25.blob","JOBID":23,"BUILDNUMBER":11,"JSONLENGTH":6643},{"ID":226,"CREATIONDATE":"2020-12-02 17:17:35.699","MODIFICATIONDATE":"2020-12-02 17:17:35.699","VERSION":1,"JSON":"a_f19_mako-build-json-26.blob","JOBID":22,"BUILDNUMBER":7,"JSONLENGTH":5296},{"ID":243,"CREATIONDATE":"2020-12-03 10:02:13.264","MODIFICATIONDATE":"2020-12-03 10:02:13.264","VERSION":1,"JSON":"a_f19_mako-build-json-27.blob","JOBID":41,"BUILDNUMBER":10,"JSONLENGTH":5078},{"ID":104,"CREATIONDATE":"2020-11-26 14:51:13.553","MODIFICATIONDATE":"2020-11-26 14:51:13.553","VERSION":1,"JSON":"a_f19_mako-build-json-28.blob","JOBID":21,"BUILDNUMBER":3,"JSONLENGTH":4711},{"ID":105,"CREATIONDATE":"2020-11-26 14:54:53.439","MODIFICATIONDATE":"2020-11-26 14:54:53.439","VERSION":1,"JSON":"a_f19_mako-build-json-29.blob","JOBID":21,"BUILDNUMBER":4,"JSONLENGTH":4711},{"ID":106,"CREATIONDATE":"2020-11-26 15:07:24.84","MODIFICATIONDATE":"2020-11-26 15:07:24.84","VERSION":1,"JSON":"a_f19_mako-build-json-30.blob","JOBID":21,"BUILDNUMBER":5,"JSONLENGTH":4711},{"ID":121,"CREATIONDATE":"2020-11-26 15:32:37.853","MODIFICATIONDATE":"2020-11-26 15:32:37.853","VERSION":1,"JSON":"a_f19_mako-build-json-31.blob","JOBID":21,"BUILDNUMBER":8,"JSONLENGTH":4718},{"ID":127,"CREATIONDATE":"2020-11-26 19:20:11.431","MODIFICATIONDATE":"2020-11-26 19:20:11.431","VERSION":1,"JSON":"a_f19_mako-build-json-32.blob","JOBID":41,"BUILDNUMBER":1,"JSONLENGTH":5046},{"ID":129,"CREATIONDATE":"2020-11-26 19:45:54.18","MODIFICATIONDATE":"2020-11-26 19:45:54.18","VERSION":1,"JSON":"a_f19_mako-build-json-33.blob","JOBID":41,"BUILDNUMBER":3,"JSONLENGTH":5078},{"ID":130,"CREATIONDATE":"2020-11-26 19:49:42.553","MODIFICATIONDATE":"2020-11-26 19:49:42.553","VERSION":1,"JSON":"a_f19_mako-build-json-34.blob","JOBID":23,"BUILDNUMBER":5,"JSONLENGTH":6644},{"ID":143,"CREATIONDATE":"2020-11-30 08:51:05.048","MODIFICATIONDATE":"2020-11-30 08:51:05.048","VERSION":1,"JSON":"a_f19_mako-build-json-35.blob","JOBID":22,"BUILDNUMBER":1,"JSONLENGTH":5296},{"ID":144,"CREATIONDATE":"2020-11-30 08:52:23.086","MODIFICATIONDATE":"2020-11-30 08:52:23.086","VERSION":1,"JSON":"a_f19_mako-build-json-36.blob","JOBID":22,"BUILDNUMBER":2,"JSONLENGTH":5296},{"ID":181,"CREATIONDATE":"2020-12-01 09:14:18.238","MODIFICATIONDATE":"2020-12-01 09:14:18.238","VERSION":1,"JSON":"a_f19_mako-build-json-37.blob","JOBID":41,"BUILDNUMBER":5,"JSONLENGTH":5078},{"ID":182,"CREATIONDATE":"2020-12-01 09:17:24.638","MODIFICATIONDATE":"2020-12-01 09:17:24.638","VERSION":1,"JSON":"a_f19_mako-build-json-38.blob","JOBID":22,"BUILDNUMBER":4,"JSONLENGTH":5296},{"ID":244,"CREATIONDATE":"2020-12-03 10:05:10.134","MODIFICATIONDATE":"2020-12-03 10:05:10.134","VERSION":1,"JSON":"a_f19_mako-build-json-39.blob","JOBID":22,"BUILDNUMBER":9,"JSONLENGTH":5296},{"ID":321,"CREATIONDATE":"2021-01-13 16:48:33.515","MODIFICATIONDATE":"2021-01-13 16:48:33.515","VERSION":1,"JSON":"a_f19_mako-build-json-40.blob","JOBID":41,"BUILDNUMBER":12,"JSONLENGTH":5078},{"ID":421,"CREATIONDATE":"2021-02-25 10:47:41.968","MODIFICATIONDATE":"2021-02-25 10:47:41.968","VERSION":1,"JSON":"a_f19_mako-build-json-41.blob","JOBID":41,"BUILDNUMBER":14,"JSONLENGTH":5078},{"ID":441,"CREATIONDATE":"2021-02-26 10:19:19.771","MODIFICATIONDATE":"2021-02-26 10:19:19.771","VERSION":1,"JSON":"a_f19_mako-build-json-42.blob","JOBID":23,"BUILDNUMBER":17,"JSONLENGTH":6643},{"ID":442,"CREATIONDATE":"2021-02-26 10:23:44.74","MODIFICATIONDATE":"2021-02-26 10:23:44.74","VERSION":1,"JSON":"a_f19_mako-build-json-43.blob","JOBID":21,"BUILDNUMBER":22,"JSONLENGTH":4708},{"ID":483,"CREATIONDATE":"2021-03-25 13:45:49.258","MODIFICATIONDATE":"2021-03-25 13:45:49.258","VERSION":1,"JSON":"a_f19_mako-build-json-44.blob","JOBID":22,"BUILDNUMBER":15,"JSONLENGTH":5296},{"ID":561,"CREATIONDATE":"2021-04-29 09:04:03.38","MODIFICATIONDATE":"2021-04-29 09:04:03.38","VERSION":1,"JSON":"a_f19_mako-build-json-45.blob","JOBID":23,"BUILDNUMBER":20,"JSONLENGTH":6643},{"ID":163,"CREATIONDATE":"2020-11-30 17:44:40.501","MODIFICATIONDATE":"2020-11-30 17:44:40.501","VERSION":1,"JSON":"a_f19_mako-build-json-46.blob","JOBID":23,"BUILDNUMBER":8,"JSONLENGTH":6644},{"ID":184,"CREATIONDATE":"2020-12-01 09:28:14.415","MODIFICATIONDATE":"2020-12-01 09:28:14.415","VERSION":1,"JSON":"a_f19_mako-build-json-47.blob","JOBID":21,"BUILDNUMBER":14,"JSONLENGTH":4708},{"ID":201,"CREATIONDATE":"2020-12-02 16:21:38.485","MODIFICATIONDATE":"2020-12-02 16:21:38.485","VERSION":1,"JSON":"a_f19_mako-build-json-48.blob","JOBID":41,"BUILDNUMBER":6,"JSONLENGTH":5078},{"ID":202,"CREATIONDATE":"2020-12-02 16:26:24.87","MODIFICATIONDATE":"2020-12-02 16:26:24.87","VERSION":1,"JSON":"a_f19_mako-build-json-49.blob","JOBID":22,"BUILDNUMBER":5,"JSONLENGTH":5296},{"ID":221,"CREATIONDATE":"2020-12-02 16:31:52.699","MODIFICATIONDATE":"2020-12-02 16:31:52.699","VERSION":1,"JSON":"a_f19_mako-build-json-50.blob","JOBID":23,"BUILDNUMBER":10,"JSONLENGTH":6643},{"ID":101,"CREATIONDATE":"2020-11-26 14:30:34.7","MODIFICATIONDATE":"2020-11-26 14:30:34.7","VERSION":1,"JSON":"a_f19_mako-build-json-51.blob","JOBID":21,"BUILDNUMBER":1,"JSONLENGTH":4718},{"ID":102,"CREATIONDATE":"2020-11-26 14:31:13.878","MODIFICATIONDATE":"2020-11-26 14:31:13.878","VERSION":1,"JSON":"a_f19_mako-build-json-52.blob","JOBID":23,"BUILDNUMBER":1,"JSONLENGTH":6644},{"ID":128,"CREATIONDATE":"2020-11-26 19:24:39.816","MODIFICATIONDATE":"2020-11-26 19:24:39.816","VERSION":1,"JSON":"a_f19_mako-build-json-53.blob","JOBID":41,"BUILDNUMBER":2,"JSONLENGTH":5078},{"ID":161,"CREATIONDATE":"2020-11-30 17:35:35.646","MODIFICATIONDATE":"2020-11-30 17:35:35.646","VERSION":1,"JSON":"a_f19_mako-build-json-54.blob","JOBID":41,"BUILDNUMBER":4,"JSONLENGTH":5078},{"ID":162,"CREATIONDATE":"2020-11-30 17:41:58.621","MODIFICATIONDATE":"2020-11-30 17:41:58.621","VERSION":1,"JSON":"a_f19_mako-build-json-55.blob","JOBID":22,"BUILDNUMBER":3,"JSONLENGTH":5296},{"ID":222,"CREATIONDATE":"2020-12-02 16:35:53.058","MODIFICATIONDATE":"2020-12-02 16:35:53.058","VERSION":1,"JSON":"a_f19_mako-build-json-56.blob","JOBID":21,"BUILDNUMBER":15,"JSONLENGTH":4708},{"ID":261,"CREATIONDATE":"2021-01-12 12:12:12.251","MODIFICATIONDATE":"2021-01-12 12:12:12.251","VERSION":1,"JSON":"a_f19_mako-build-json-57.blob","JOBID":23,"BUILDNUMBER":13,"JSONLENGTH":6643},{"ID":262,"CREATIONDATE":"2021-01-12 13:07:33.066","MODIFICATIONDATE":"2021-01-12 13:07:33.066","VERSION":1,"JSON":"a_f19_mako-build-json-58.blob","JOBID":22,"BUILDNUMBER":10,"JSONLENGTH":5296},{"ID":341,"CREATIONDATE":"2021-02-20 12:59:22.093","MODIFICATIONDATE":"2021-02-20 12:59:22.093","VERSION":1,"JSON":"a_f19_mako-build-json-59.blob","JOBID":23,"BUILDNUMBER":15,"JSONLENGTH":6643},{"ID":361,"CREATIONDATE":"2021-02-20 15:34:56.623","MODIFICATIONDATE":"2021-02-20 15:34:56.623","VERSION":1,"JSON":"a_f19_mako-build-json-60.blob","JOBID":41,"BUILDNUMBER":13,"JSONLENGTH":5078},{"ID":401,"CREATIONDATE":"2021-02-25 10:21:20.603","MODIFICATIONDATE":"2021-02-25 10:21:20.603","VERSION":1,"JSON":"a_f19_mako-build-json-61.blob","JOBID":23,"BUILDNUMBER":16,"JSONLENGTH":6643},{"ID":402,"CREATIONDATE":"2021-02-25 10:25:31.838","MODIFICATIONDATE":"2021-02-25 10:25:31.838","VERSION":1,"JSON":"a_f19_mako-build-json-62.blob","JOBID":21,"BUILDNUMBER":21,"JSONLENGTH":4708},{"ID":403,"CREATIONDATE":"2021-02-25 10:50:10.685","MODIFICATIONDATE":"2021-02-25 10:50:10.685","VERSION":1,"JSON":"a_f19_mako-build-json-63.blob","JOBID":22,"BUILDNUMBER":13,"JSONLENGTH":5296},{"ID":461,"CREATIONDATE":"2021-02-26 10:29:11.125","MODIFICATIONDATE":"2021-02-26 10:29:11.125","VERSION":1,"JSON":"a_f19_mako-build-json-64.blob","JOBID":41,"BUILDNUMBER":15,"JSONLENGTH":5078},{"ID":481,"CREATIONDATE":"2021-03-25 13:01:30.809","MODIFICATIONDATE":"2021-03-25 13:01:30.809","VERSION":1,"JSON":"a_f19_mako-build-json-65.blob","JOBID":23,"BUILDNUMBER":18,"JSONLENGTH":6643},{"ID":523,"CREATIONDATE":"2021-04-25 14:16:46.228","MODIFICATIONDATE":"2021-04-25 14:16:46.228","VERSION":1,"JSON":"a_f19_mako-build-json-66.blob","JOBID":22,"BUILDNUMBER":16,"JSONLENGTH":5296},{"ID":564,"CREATIONDATE":"2021-04-29 09:48:06.472","MODIFICATIONDATE":"2021-04-29 09:48:06.472","VERSION":1,"JSON":"a_f19_mako-build-json-67.blob","JOBID":22,"BUILDNUMBER":17,"JSONLENGTH":5296},{"ID":224,"CREATIONDATE":"2020-12-02 17:11:43.719","MODIFICATIONDATE":"2020-12-02 17:11:43.719","VERSION":1,"JSON":"a_f19_mako-build-json-68.blob","JOBID":21,"BUILDNUMBER":16,"JSONLENGTH":4708},{"ID":225,"CREATIONDATE":"2020-12-02 17:14:51.902","MODIFICATIONDATE":"2020-12-02 17:14:51.902","VERSION":1,"JSON":"a_f19_mako-build-json-69.blob","JOBID":41,"BUILDNUMBER":8,"JSONLENGTH":5078},{"ID":241,"CREATIONDATE":"2020-12-03 09:50:10.803","MODIFICATIONDATE":"2020-12-03 09:50:10.803","VERSION":1,"JSON":"a_f19_mako-build-json-70.blob","JOBID":23,"BUILDNUMBER":12,"JSONLENGTH":6643},{"ID":302,"CREATIONDATE":"2021-01-13 16:40:47.347","MODIFICATIONDATE":"2021-01-13 16:40:47.347","VERSION":1,"JSON":"a_f19_mako-build-json-71.blob","JOBID":21,"BUILDNUMBER":19,"JSONLENGTH":4708},{"ID":342,"CREATIONDATE":"2021-02-20 13:21:14.625","MODIFICATIONDATE":"2021-02-20 13:21:14.625","VERSION":1,"JSON":"a_f19_mako-build-json-72.blob","JOBID":21,"BUILDNUMBER":20,"JSONLENGTH":4708},{"ID":462,"CREATIONDATE":"2021-02-26 10:31:19.803","MODIFICATIONDATE":"2021-02-26 10:31:19.803","VERSION":1,"JSON":"a_f19_mako-build-json-73.blob","JOBID":22,"BUILDNUMBER":14,"JSONLENGTH":5296},{"ID":107,"CREATIONDATE":"2020-11-26 15:28:51.102","MODIFICATIONDATE":"2020-11-26 15:28:51.102","VERSION":1,"JSON":"a_f19_mako-build-json-74.blob","JOBID":21,"BUILDNUMBER":6,"JSONLENGTH":4718},{"ID":122,"CREATIONDATE":"2020-11-26 15:34:59.126","MODIFICATIONDATE":"2020-11-26 15:34:59.126","VERSION":1,"JSON":"a_f19_mako-build-json-75.blob","JOBID":21,"BUILDNUMBER":9,"JSONLENGTH":4718},{"ID":123,"CREATIONDATE":"2020-11-26 15:38:37.084","MODIFICATIONDATE":"2020-11-26 15:38:37.084","VERSION":1,"JSON":"a_f19_mako-build-json-76.blob","JOBID":21,"BUILDNUMBER":10,"JSONLENGTH":4711},{"ID":124,"CREATIONDATE":"2020-11-26 15:43:16.714","MODIFICATIONDATE":"2020-11-26 15:43:16.714","VERSION":1,"JSON":"a_f19_mako-build-json-77.blob","JOBID":21,"BUILDNUMBER":11,"JSONLENGTH":4711},{"ID":125,"CREATIONDATE":"2020-11-26 15:43:48.023","MODIFICATIONDATE":"2020-11-26 15:43:48.023","VERSION":1,"JSON":"a_f19_mako-build-json-78.blob","JOBID":23,"BUILDNUMBER":2,"JSONLENGTH":6644},{"ID":126,"CREATIONDATE":"2020-11-26 19:10:55.647","MODIFICATIONDATE":"2020-11-26 19:10:55.647","VERSION":1,"JSON":"a_f19_mako-build-json-79.blob","JOBID":23,"BUILDNUMBER":3,"JSONLENGTH":6644},{"ID":183,"CREATIONDATE":"2020-12-01 09:24:15.883","MODIFICATIONDATE":"2020-12-01 09:24:15.883","VERSION":1,"JSON":"a_f19_mako-build-json-80.blob","JOBID":23,"BUILDNUMBER":9,"JSONLENGTH":6644}]