[{"ID":182,"CREATIONDATE":"2020-12-02 16:35:49.179","MODIFICATIONDATE":"2020-12-02 16:35:49.179","VERSION":1,"BUILDID":221,"PUBLISHERNAME":"scmChanges","STORAGEPATH":"/scm_change_log_list","STORAGESIZE":829,"BUILDDATA":"a_f19_mako-buildoutput-builddata-1.blob","STORAGESTRATEGY":"a_f19_mako-buildoutput-storagestrategy-1.blob"},{"ID":183,"CREATIONDATE":"2020-12-02 17:01:18.537","MODIFICATIONDATE":"2020-12-02 17:01:18.537","VERSION":1,"BUILDID":203,"PUBLISHERNAME":"scmChanges","STORAGEPATH":"/scm_change_log_list","STORAGESIZE":1216,"BUILDDATA":"a_f19_mako-buildoutput-builddata-2.blob","STORAGESTRATEGY":"a_f19_mako-buildoutput-storagestrategy-2.blob"},{"ID":185,"CREATIONDATE":"2020-12-02 17:11:38.851","MODIFICATIONDATE":"2020-12-02 17:11:38.854","VERSION":2,"BUILDID":223,"PUBLISHERNAME":"scmChanges","STORAGEPATH":"/scm_change_log_list","STORAGESIZE":2023,"BUILDDATA":"a_f19_mako-buildoutput-builddata-3.blob","STORAGESTRATEGY":"a_f19_mako-buildoutput-storagestrategy-3.blob"},{"ID":82,"CREATIONDATE":"2020-11-26 14:37:31.756","MODIFICATIONDATE":"2020-11-26 14:37:31.761","VERSION":2,"BUILDID":102,"PUBLISHERNAME":"scmChanges","STORAGEPATH":"/scm_change_log_list","STORAGESIZE":15192,"BUILDDATA":"a_f19_mako-buildoutput-builddata-4.blob","STORAGESTRATEGY":"a_f19_mako-buildoutput-storagestrategy-4.blob"},{"ID":109,"CREATIONDATE":"2020-11-26 19:48:30.697","MODIFICATIONDATE":"2020-11-26 19:48:30.697","VERSION":1,"BUILDID":129,"PUBLISHERNAME":"scmChanges","STORAGEPATH":"/scm_change_log_list","STORAGESIZE":1251,"BUILDDATA":"a_f19_mako-buildoutput-builddata-5.blob","STORAGESTRATEGY":"a_f19_mako-buildoutput-storagestrategy-5.blob"},{"ID":122,"CREATIONDATE":"2020-11-30 08:51:25.671","MODIFICATIONDATE":"2020-11-30 08:51:25.671","VERSION":1,"BUILDID":143,"PUBLISHERNAME":"scmChanges","STORAGEPATH":"/scm_change_log_list","STORAGESIZE":13145,"BUILDDATA":"a_f19_mako-buildoutput-builddata-6.blob","STORAGESTRATEGY":"a_f19_mako-buildoutput-storagestrategy-6.blob"},{"ID":123,"CREATIONDATE":"2020-11-30 08:55:18.324","MODIFICATIONDATE":"2020-11-30 08:55:18.324","VERSION":1,"BUILDID":142,"PUBLISHERNAME":"scmChanges","STORAGEPATH":"/scm_change_log_list","STORAGESIZE":795,"BUILDDATA":"a_f19_mako-buildoutput-builddata-7.blob","STORAGESTRATEGY":"a_f19_mako-buildoutput-storagestrategy-7.blob"},{"ID":124,"CREATIONDATE":"2020-11-30 17:29:05.573","MODIFICATIONDATE":"2020-11-30 17:29:05.573","VERSION":1,"BUILDID":145,"PUBLISHERNAME":"scmPollLog","STORAGEPATH":"/scm_poll_data_list","STORAGESIZE":665,"BUILDDATA":"a_f19_mako-buildoutput-builddata-8.blob","STORAGESTRATEGY":"a_f19_mako-buildoutput-storagestrategy-8.blob"},{"ID":101,"CREATIONDATE":"2020-11-26 14:45:07.806","MODIFICATIONDATE":"2020-11-26 14:45:07.806","VERSION":1,"BUILDID":103,"PUBLISHERNAME":"scmChanges","STORAGEPATH":"/scm_change_log_list","STORAGESIZE":1300,"BUILDDATA":"a_f19_mako-buildoutput-builddata-9.blob","STORAGESTRATEGY":"a_f19_mako-buildoutput-storagestrategy-9.blob"},{"ID":103,"CREATIONDATE":"2020-11-26 14:55:20.879","MODIFICATIONDATE":"2020-11-26 14:55:20.879","VERSION":1,"BUILDID":105,"PUBLISHERNAME":"scmChanges","STORAGEPATH":"/scm_change_log_list","STORAGESIZE":813,"BUILDDATA":"a_f19_mako-buildoutput-builddata-10.blob","STORAGESTRATEGY":"a_f19_mako-buildoutput-storagestrategy-10.blob"},{"ID":85,"CREATIONDATE":"2020-11-26 15:33:06.418","MODIFICATIONDATE":"2020-11-26 15:33:06.418","VERSION":1,"BUILDID":121,"PUBLISHERNAME":"scmChanges","STORAGEPATH":"/scm_change_log_list","STORAGESIZE":809,"BUILDDATA":"a_f19_mako-buildoutput-builddata-11.blob","STORAGESTRATEGY":"a_f19_mako-buildoutput-storagestrategy-11.blob"},{"ID":106,"CREATIONDATE":"2020-11-26 19:15:10.18","MODIFICATIONDATE":"2020-11-26 19:15:10.18","VERSION":1,"BUILDID":126,"PUBLISHERNAME":"scmChanges","STORAGEPATH":"/scm_change_log_list","STORAGESIZE":1408,"BUILDDATA":"a_f19_mako-buildoutput-builddata-12.blob","STORAGESTRATEGY":"a_f19_mako-buildoutput-storagestrategy-12.blob"},{"ID":102,"CREATIONDATE":"2020-11-26 14:51:51.119","MODIFICATIONDATE":"2020-11-26 14:51:51.119","VERSION":1,"BUILDID":104,"PUBLISHERNAME":"scmChanges","STORAGEPATH":"/scm_change_log_list","STORAGESIZE":809,"BUILDDATA":"a_f19_mako-buildoutput-builddata-13.blob","STORAGESTRATEGY":"a_f19_mako-buildoutput-storagestrategy-13.blob"},{"ID":83,"CREATIONDATE":"2020-11-26 15:29:15.835","MODIFICATIONDATE":"2020-11-26 15:29:15.835","VERSION":1,"BUILDID":107,"PUBLISHERNAME":"scmChanges","STORAGEPATH":"/scm_change_log_list","STORAGESIZE":809,"BUILDDATA":"a_f19_mako-buildoutput-builddata-14.blob","STORAGESTRATEGY":"a_f19_mako-buildoutput-storagestrategy-14.blob"},{"ID":84,"CREATIONDATE":"2020-11-26 15:31:04.702","MODIFICATIONDATE":"2020-11-26 15:31:04.702","VERSION":1,"BUILDID":108,"PUBLISHERNAME":"scmChanges","STORAGEPATH":"/scm_change_log_list","STORAGESIZE":809,"BUILDDATA":"a_f19_mako-buildoutput-builddata-15.blob","STORAGESTRATEGY":"a_f19_mako-buildoutput-storagestrategy-15.blob"},{"ID":86,"CREATIONDATE":"2020-11-26 15:35:59.137","MODIFICATIONDATE":"2020-11-26 15:35:59.137","VERSION":1,"BUILDID":122,"PUBLISHERNAME":"scmChanges","STORAGEPATH":"/scm_change_log_list","STORAGESIZE":1305,"BUILDDATA":"a_f19_mako-buildoutput-builddata-16.blob","STORAGESTRATEGY":"a_f19_mako-buildoutput-storagestrategy-16.blob"},{"ID":87,"CREATIONDATE":"2020-11-26 19:53:18.937","MODIFICATIONDATE":"2020-11-26 19:53:18.937","VERSION":1,"BUILDID":130,"PUBLISHERNAME":"scmChanges","STORAGEPATH":"/scm_change_log_list","STORAGESIZE":783,"BUILDDATA":"a_f19_mako-buildoutput-builddata-17.blob","STORAGESTRATEGY":"a_f19_mako-buildoutput-storagestrategy-17.blob"},{"ID":141,"CREATIONDATE":"2020-11-30 17:41:42.996","MODIFICATIONDATE":"2020-11-30 17:41:42.996","VERSION":1,"BUILDID":161,"PUBLISHERNAME":"scmChanges","STORAGEPATH":"/scm_change_log_list","STORAGESIZE":795,"BUILDDATA":"a_f19_mako-buildoutput-builddata-18.blob","STORAGESTRATEGY":"a_f19_mako-buildoutput-storagestrategy-18.blob"},{"ID":142,"CREATIONDATE":"2020-11-30 17:44:40.923","MODIFICATIONDATE":"2020-11-30 17:44:40.923","VERSION":1,"BUILDID":163,"PUBLISHERNAME":"scmPollLog","STORAGEPATH":"/scm_poll_data_list","STORAGESIZE":729,"BUILDDATA":"a_f19_mako-buildoutput-builddata-19.blob","STORAGESTRATEGY":"a_f19_mako-buildoutput-storagestrategy-19.blob"},{"ID":126,"CREATIONDATE":"2020-11-30 17:48:45.452","MODIFICATIONDATE":"2020-11-30 17:48:45.452","VERSION":1,"BUILDID":163,"PUBLISHERNAME":"scmChanges","STORAGEPATH":"/scm_change_log_list","STORAGESIZE":809,"BUILDDATA":"a_f19_mako-buildoutput-builddata-20.blob","STORAGESTRATEGY":"a_f19_mako-buildoutput-storagestrategy-20.blob"},{"ID":162,"CREATIONDATE":"2020-12-01 09:28:07.84","MODIFICATIONDATE":"2020-12-01 09:28:07.84","VERSION":1,"BUILDID":183,"PUBLISHERNAME":"scmChanges","STORAGEPATH":"/scm_change_log_list","STORAGESIZE":957,"BUILDDATA":"a_f19_mako-buildoutput-builddata-21.blob","STORAGESTRATEGY":"a_f19_mako-buildoutput-storagestrategy-21.blob"},{"ID":81,"CREATIONDATE":"2020-11-26 14:31:37.795","MODIFICATIONDATE":"2020-11-26 14:31:37.795","VERSION":1,"BUILDID":101,"PUBLISHERNAME":"scmChanges","STORAGEPATH":"/scm_change_log_list","STORAGESIZE":13422,"BUILDDATA":"a_f19_mako-buildoutput-builddata-22.blob","STORAGESTRATEGY":"a_f19_mako-buildoutput-storagestrategy-22.blob"},{"ID":105,"CREATIONDATE":"2020-11-26 15:39:11.4","MODIFICATIONDATE":"2020-11-26 15:39:11.4","VERSION":1,"BUILDID":123,"PUBLISHERNAME":"scmChanges","STORAGEPATH":"/scm_change_log_list","STORAGESIZE":812,"BUILDDATA":"a_f19_mako-buildoutput-builddata-23.blob","STORAGESTRATEGY":"a_f19_mako-buildoutput-storagestrategy-23.blob"},{"ID":181,"CREATIONDATE":"2020-12-02 16:31:53.526","MODIFICATIONDATE":"2020-12-02 16:31:53.526","VERSION":1,"BUILDID":221,"PUBLISHERNAME":"scmPollLog","STORAGEPATH":"/scm_poll_data_list","STORAGESIZE":731,"BUILDDATA":"a_f19_mako-buildoutput-builddata-24.blob","STORAGESTRATEGY":"a_f19_mako-buildoutput-storagestrategy-24.blob"},{"ID":184,"CREATIONDATE":"2020-12-02 17:08:01.65","MODIFICATIONDATE":"2020-12-02 17:08:01.65","VERSION":1,"BUILDID":223,"PUBLISHERNAME":"scmPollLog","STORAGEPATH":"/scm_poll_data_list","STORAGESIZE":731,"BUILDDATA":"a_f19_mako-buildoutput-builddata-25.blob","STORAGESTRATEGY":"a_f19_mako-buildoutput-storagestrategy-25.blob"},{"ID":125,"CREATIONDATE":"2020-11-30 17:32:27.256","MODIFICATIONDATE":"2020-11-30 17:32:27.256","VERSION":1,"BUILDID":145,"PUBLISHERNAME":"scmChanges","STORAGEPATH":"/scm_change_log_list","STORAGESIZE":808,"BUILDDATA":"a_f19_mako-buildoutput-builddata-26.blob","STORAGESTRATEGY":"a_f19_mako-buildoutput-storagestrategy-26.blob"},{"ID":161,"CREATIONDATE":"2020-12-01 09:24:16.483","MODIFICATIONDATE":"2020-12-01 09:24:16.483","VERSION":1,"BUILDID":183,"PUBLISHERNAME":"scmPollLog","STORAGEPATH":"/scm_poll_data_list","STORAGESIZE":729,"BUILDDATA":"a_f19_mako-buildoutput-builddata-27.blob","STORAGESTRATEGY":"a_f19_mako-buildoutput-storagestrategy-27.blob"},{"ID":104,"CREATIONDATE":"2020-11-26 15:08:00.295","MODIFICATIONDATE":"2020-11-26 15:08:00.295","VERSION":1,"BUILDID":106,"PUBLISHERNAME":"scmChanges","STORAGEPATH":"/scm_change_log_list","STORAGESIZE":810,"BUILDDATA":"a_f19_mako-buildoutput-builddata-28.blob","STORAGESTRATEGY":"a_f19_mako-buildoutput-storagestrategy-28.blob"},{"ID":107,"CREATIONDATE":"2020-11-26 19:20:22.381","MODIFICATIONDATE":"2020-11-26 19:20:22.381","VERSION":1,"BUILDID":127,"PUBLISHERNAME":"scmChanges","STORAGEPATH":"/scm_change_log_list","STORAGESIZE":8941,"BUILDDATA":"a_f19_mako-buildoutput-builddata-29.blob","STORAGESTRATEGY":"a_f19_mako-buildoutput-storagestrategy-29.blob"},{"ID":108,"CREATIONDATE":"2020-11-26 19:40:24.454","MODIFICATIONDATE":"2020-11-26 19:40:24.454","VERSION":1,"BUILDID":109,"PUBLISHERNAME":"scmChanges","STORAGEPATH":"/scm_change_log_list","STORAGESIZE":795,"BUILDDATA":"a_f19_mako-buildoutput-builddata-30.blob","STORAGESTRATEGY":"a_f19_mako-buildoutput-storagestrategy-30.blob"},{"ID":121,"CREATIONDATE":"2020-11-30 08:49:46.112","MODIFICATIONDATE":"2020-11-30 08:49:46.112","VERSION":1,"BUILDID":141,"PUBLISHERNAME":"scmChanges","STORAGEPATH":"/scm_change_log_list","STORAGESIZE":2549,"BUILDDATA":"a_f19_mako-buildoutput-builddata-31.blob","STORAGESTRATEGY":"a_f19_mako-buildoutput-storagestrategy-31.blob"},{"ID":201,"CREATIONDATE":"2020-12-03 09:54:27.265","MODIFICATIONDATE":"2020-12-03 09:54:27.265","VERSION":1,"BUILDID":241,"PUBLISHERNAME":"scmChanges","STORAGEPATH":"/scm_change_log_list","STORAGESIZE":802,"BUILDDATA":"a_f19_mako-buildoutput-builddata-32.blob","STORAGESTRATEGY":"a_f19_mako-buildoutput-storagestrategy-32.blob"},{"ID":222,"CREATIONDATE":"2021-01-13 16:36:37.218","MODIFICATIONDATE":"2021-01-13 16:36:37.218","VERSION":1,"BUILDID":301,"PUBLISHERNAME":"scmPollLog","STORAGEPATH":"/scm_poll_data_list","STORAGESIZE":731,"BUILDDATA":"a_f19_mako-buildoutput-builddata-33.blob","STORAGESTRATEGY":"a_f19_mako-buildoutput-storagestrategy-33.blob"},{"ID":186,"CREATIONDATE":"2020-12-03 09:50:12.653","MODIFICATIONDATE":"2020-12-03 09:50:12.653","VERSION":1,"BUILDID":241,"PUBLISHERNAME":"scmPollLog","STORAGEPATH":"/scm_poll_data_list","STORAGESIZE":731,"BUILDDATA":"a_f19_mako-buildoutput-builddata-34.blob","STORAGESTRATEGY":"a_f19_mako-buildoutput-storagestrategy-34.blob"},{"ID":223,"CREATIONDATE":"2021-01-13 16:40:29.333","MODIFICATIONDATE":"2021-01-13 16:40:29.333","VERSION":1,"BUILDID":301,"PUBLISHERNAME":"scmChanges","STORAGEPATH":"/scm_change_log_list","STORAGESIZE":809,"BUILDDATA":"a_f19_mako-buildoutput-builddata-35.blob","STORAGESTRATEGY":"a_f19_mako-buildoutput-storagestrategy-35.blob"},{"ID":203,"CREATIONDATE":"2021-01-12 12:32:40.287","MODIFICATIONDATE":"2021-01-12 12:32:40.287","VERSION":1,"BUILDID":261,"PUBLISHERNAME":"scmChanges","STORAGEPATH":"/scm_change_log_list","STORAGESIZE":959,"BUILDDATA":"a_f19_mako-buildoutput-builddata-36.blob","STORAGESTRATEGY":"a_f19_mako-buildoutput-storagestrategy-36.blob"},{"ID":202,"CREATIONDATE":"2021-01-12 12:12:13.8","MODIFICATIONDATE":"2021-01-12 12:12:13.8","VERSION":1,"BUILDID":261,"PUBLISHERNAME":"scmPollLog","STORAGEPATH":"/scm_poll_data_list","STORAGESIZE":731,"BUILDDATA":"a_f19_mako-buildoutput-builddata-37.blob","STORAGESTRATEGY":"a_f19_mako-buildoutput-storagestrategy-37.blob"}]