[{"ID":107,"CREATIONDATE":"2020-11-26 15:28:51.127","MODIFICATIONDATE":"2020-11-26 15:29:43.536","VERSION":5,"JSON":"a_f19_mako-builddata-json-1.blob","JSONLENGTH":957,"BUILDID":107,"JOBID":21,"BUILDNUMBER":6},{"ID":108,"CREATIONDATE":"2020-11-26 15:30:32.654","MODIFICATIONDATE":"2020-11-26 15:31:05.155","VERSION":5,"JSON":"a_f19_mako-builddata-json-2.blob","JSONLENGTH":957,"BUILDID":108,"JOBID":21,"BUILDNUMBER":7},{"ID":122,"CREATIONDATE":"2020-11-26 15:34:59.166","MODIFICATIONDATE":"2020-11-26 15:36:30.22","VERSION":5,"JSON":"a_f19_mako-builddata-json-3.blob","JSONLENGTH":957,"BUILDID":122,"JOBID":21,"BUILDNUMBER":9},{"ID":123,"CREATIONDATE":"2020-11-26 15:38:37.098","MODIFICATIONDATE":"2020-11-26 15:39:15.562","VERSION":5,"JSON":"a_f19_mako-builddata-json-4.blob","JSONLENGTH":959,"BUILDID":123,"JOBID":21,"BUILDNUMBER":10},{"ID":124,"CREATIONDATE":"2020-11-26 15:43:16.747","MODIFICATIONDATE":"2020-11-26 15:43:42.562","VERSION":4,"JSON":"a_f19_mako-builddata-json-5.blob","JSONLENGTH":1134,"BUILDID":124,"JOBID":21,"BUILDNUMBER":11},{"ID":293,"CREATIONDATE":"2021-01-13 16:51:47.05","MODIFICATIONDATE":"2021-01-13 16:52:14.594","VERSION":4,"JSON":"a_f19_mako-builddata-json-6.blob","JSONLENGTH":1579,"BUILDID":303,"JOBID":22,"BUILDNUMBER":11},{"ID":251,"CREATIONDATE":"2021-01-12 12:12:12.407","MODIFICATIONDATE":"2021-01-12 12:33:16.117","VERSION":6,"JSON":"a_f19_mako-builddata-json-7.blob","JSONLENGTH":839,"BUILDID":261,"JOBID":23,"BUILDNUMBER":13},{"ID":371,"CREATIONDATE":"2021-02-25 10:21:20.711","MODIFICATIONDATE":"2021-02-25 10:25:30.954","VERSION":4,"JSON":"a_f19_mako-builddata-json-8.blob","JSONLENGTH":1133,"BUILDID":401,"JOBID":23,"BUILDNUMBER":16},{"ID":372,"CREATIONDATE":"2021-02-25 10:25:31.842","MODIFICATIONDATE":"2021-02-25 10:27:27.042","VERSION":4,"JSON":"a_f19_mako-builddata-json-9.blob","JSONLENGTH":1607,"BUILDID":402,"JOBID":21,"BUILDNUMBER":21},{"ID":391,"CREATIONDATE":"2021-02-25 10:47:42.068","MODIFICATIONDATE":"2021-02-25 10:50:09.667","VERSION":4,"JSON":"a_f19_mako-builddata-json-10.blob","JSONLENGTH":1163,"BUILDID":421,"JOBID":41,"BUILDNUMBER":14},{"ID":103,"CREATIONDATE":"2020-11-26 14:44:40.843","MODIFICATIONDATE":"2020-11-26 14:45:09.963","VERSION":5,"JSON":"a_f19_mako-builddata-json-11.blob","JSONLENGTH":957,"BUILDID":103,"JOBID":21,"BUILDNUMBER":2},{"ID":246,"CREATIONDATE":"2020-12-02 17:17:35.734","MODIFICATIONDATE":"2020-12-02 17:17:52.653","VERSION":4,"JSON":"a_f19_mako-builddata-json-12.blob","JSONLENGTH":1570,"BUILDID":226,"JOBID":22,"BUILDNUMBER":7},{"ID":453,"CREATIONDATE":"2021-03-25 13:45:49.299","MODIFICATIONDATE":"2021-03-25 13:46:14.725","VERSION":4,"JSON":"a_f19_mako-builddata-json-13.blob","JSONLENGTH":1579,"BUILDID":483,"JOBID":22,"BUILDNUMBER":15},{"ID":104,"CREATIONDATE":"2020-11-26 14:51:13.572","MODIFICATIONDATE":"2020-11-26 14:51:51.597","VERSION":5,"JSON":"a_f19_mako-builddata-json-14.blob","JSONLENGTH":957,"BUILDID":104,"JOBID":21,"BUILDNUMBER":3},{"ID":105,"CREATIONDATE":"2020-11-26 14:54:53.451","MODIFICATIONDATE":"2020-11-26 14:55:23.293","VERSION":5,"JSON":"a_f19_mako-builddata-json-15.blob","JSONLENGTH":957,"BUILDID":105,"JOBID":21,"BUILDNUMBER":4},{"ID":106,"CREATIONDATE":"2020-11-26 15:07:24.868","MODIFICATIONDATE":"2020-11-26 15:08:08.75","VERSION":5,"JSON":"a_f19_mako-builddata-json-16.blob","JSONLENGTH":957,"BUILDID":106,"JOBID":21,"BUILDNUMBER":5},{"ID":121,"CREATIONDATE":"2020-11-26 15:32:37.902","MODIFICATIONDATE":"2020-11-26 15:33:13.135","VERSION":5,"JSON":"a_f19_mako-builddata-json-17.blob","JSONLENGTH":957,"BUILDID":121,"JOBID":21,"BUILDNUMBER":8},{"ID":252,"CREATIONDATE":"2021-01-12 13:07:33.104","MODIFICATIONDATE":"2021-01-12 13:07:55.257","VERSION":4,"JSON":"a_f19_mako-builddata-json-18.blob","JSONLENGTH":1577,"BUILDID":262,"JOBID":22,"BUILDNUMBER":10},{"ID":182,"CREATIONDATE":"2020-11-30 17:41:58.685","MODIFICATIONDATE":"2020-11-30 17:42:24.074","VERSION":4,"JSON":"a_f19_mako-builddata-json-19.blob","JSONLENGTH":1570,"BUILDID":162,"JOBID":22,"BUILDNUMBER":3},{"ID":184,"CREATIONDATE":"2020-11-30 17:48:52.905","MODIFICATIONDATE":"2020-11-30 17:49:22.8","VERSION":4,"JSON":"a_f19_mako-builddata-json-20.blob","JSONLENGTH":1602,"BUILDID":164,"JOBID":21,"BUILDNUMBER":13},{"ID":101,"CREATIONDATE":"2020-11-26 14:30:34.747","MODIFICATIONDATE":"2020-11-26 14:32:05.508","VERSION":5,"JSON":"a_f19_mako-builddata-json-21.blob","JSONLENGTH":932,"BUILDID":101,"JOBID":21,"BUILDNUMBER":1},{"ID":102,"CREATIONDATE":"2020-11-26 14:31:13.886","MODIFICATIONDATE":"2020-11-26 14:38:14.148","VERSION":5,"JSON":"a_f19_mako-builddata-json-22.blob","JSONLENGTH":937,"BUILDID":102,"JOBID":23,"BUILDNUMBER":1},{"ID":181,"CREATIONDATE":"2020-11-30 17:35:35.707","MODIFICATIONDATE":"2020-11-30 17:41:53.487","VERSION":5,"JSON":"a_f19_mako-builddata-json-23.blob","JSONLENGTH":962,"BUILDID":161,"JOBID":41,"BUILDNUMBER":4},{"ID":203,"CREATIONDATE":"2020-12-01 09:24:15.924","MODIFICATIONDATE":"2020-12-01 09:28:13.837","VERSION":6,"JSON":"a_f19_mako-builddata-json-24.blob","JSONLENGTH":835,"BUILDID":183,"JOBID":23,"BUILDNUMBER":9},{"ID":204,"CREATIONDATE":"2020-12-01 09:28:14.455","MODIFICATIONDATE":"2020-12-01 09:28:39.898","VERSION":4,"JSON":"a_f19_mako-builddata-json-25.blob","JSONLENGTH":1602,"BUILDID":184,"JOBID":21,"BUILDNUMBER":14},{"ID":244,"CREATIONDATE":"2020-12-02 17:11:43.758","MODIFICATIONDATE":"2020-12-02 17:12:09.347","VERSION":4,"JSON":"a_f19_mako-builddata-json-26.blob","JSONLENGTH":1607,"BUILDID":224,"JOBID":21,"BUILDNUMBER":16},{"ID":245,"CREATIONDATE":"2020-12-02 17:14:51.939","MODIFICATIONDATE":"2020-12-02 17:17:34.99","VERSION":4,"JSON":"a_f19_mako-builddata-json-27.blob","JSONLENGTH":1159,"BUILDID":225,"JOBID":41,"BUILDNUMBER":8},{"ID":249,"CREATIONDATE":"2020-12-03 10:02:13.321","MODIFICATIONDATE":"2020-12-03 10:05:09.377","VERSION":4,"JSON":"a_f19_mako-builddata-json-28.blob","JSONLENGTH":1158,"BUILDID":243,"JOBID":41,"BUILDNUMBER":10},{"ID":125,"CREATIONDATE":"2020-11-26 15:43:48.025","MODIFICATIONDATE":"2020-11-26 15:47:23.974","VERSION":4,"JSON":"a_f19_mako-builddata-json-29.blob","JSONLENGTH":1618,"BUILDID":125,"JOBID":23,"BUILDNUMBER":2},{"ID":141,"CREATIONDATE":"2020-11-26 19:36:38.539","MODIFICATIONDATE":"2020-11-26 19:40:30.156","VERSION":5,"JSON":"a_f19_mako-builddata-json-30.blob","JSONLENGTH":962,"BUILDID":109,"JOBID":23,"BUILDNUMBER":4},{"ID":161,"CREATIONDATE":"2020-11-30 08:49:27.846","MODIFICATIONDATE":"2020-11-30 08:49:52.664","VERSION":5,"JSON":"a_f19_mako-builddata-json-31.blob","JSONLENGTH":961,"BUILDID":141,"JOBID":21,"BUILDNUMBER":12},{"ID":162,"CREATIONDATE":"2020-11-30 08:49:53.527","MODIFICATIONDATE":"2020-11-30 08:55:19.753","VERSION":5,"JSON":"a_f19_mako-builddata-json-32.blob","JSONLENGTH":1630,"BUILDID":142,"JOBID":23,"BUILDNUMBER":6},{"ID":163,"CREATIONDATE":"2020-11-30 08:51:05.068","MODIFICATIONDATE":"2020-11-30 08:51:27.254","VERSION":5,"JSON":"a_f19_mako-builddata-json-33.blob","JSONLENGTH":961,"BUILDID":143,"JOBID":22,"BUILDNUMBER":1},{"ID":164,"CREATIONDATE":"2020-11-30 08:52:23.089","MODIFICATIONDATE":"2020-11-30 08:52:44.826","VERSION":4,"JSON":"a_f19_mako-builddata-json-34.blob","JSONLENGTH":974,"BUILDID":144,"JOBID":22,"BUILDNUMBER":2},{"ID":248,"CREATIONDATE":"2020-12-03 10:02:00.401","MODIFICATIONDATE":"2020-12-03 10:04:39.332","VERSION":5,"JSON":"a_f19_mako-builddata-json-35.blob","JSONLENGTH":1186,"BUILDID":242,"JOBID":41,"BUILDNUMBER":9},{"ID":226,"CREATIONDATE":"2020-12-03 10:04:40.108","MODIFICATIONDATE":"2020-12-03 10:05:02.725","VERSION":4,"JSON":"a_f19_mako-builddata-json-36.blob","JSONLENGTH":1570,"BUILDID":206,"JOBID":22,"BUILDNUMBER":8},{"ID":250,"CREATIONDATE":"2020-12-03 10:05:10.157","MODIFICATIONDATE":"2020-12-03 10:05:37.206","VERSION":4,"JSON":"a_f19_mako-builddata-json-37.blob","JSONLENGTH":1575,"BUILDID":244,"JOBID":22,"BUILDNUMBER":9},{"ID":291,"CREATIONDATE":"2021-01-13 16:36:36.642","MODIFICATIONDATE":"2021-01-13 16:40:46.262","VERSION":6,"JSON":"a_f19_mako-builddata-json-38.blob","JSONLENGTH":839,"BUILDID":301,"JOBID":23,"BUILDNUMBER":14},{"ID":331,"CREATIONDATE":"2021-02-20 12:59:22.19","MODIFICATIONDATE":"2021-02-20 13:21:14.087","VERSION":4,"JSON":"a_f19_mako-builddata-json-39.blob","JSONLENGTH":1133,"BUILDID":341,"JOBID":23,"BUILDNUMBER":15},{"ID":183,"CREATIONDATE":"2020-11-30 17:44:40.54","MODIFICATIONDATE":"2020-11-30 17:48:51.379","VERSION":6,"JSON":"a_f19_mako-builddata-json-40.blob","JSONLENGTH":834,"BUILDID":163,"JOBID":23,"BUILDNUMBER":8},{"ID":243,"CREATIONDATE":"2020-12-02 17:08:01.144","MODIFICATIONDATE":"2020-12-02 17:11:43.034","VERSION":6,"JSON":"a_f19_mako-builddata-json-41.blob","JSONLENGTH":839,"BUILDID":223,"JOBID":23,"BUILDNUMBER":11},{"ID":225,"CREATIONDATE":"2020-12-03 09:54:42.604","MODIFICATIONDATE":"2020-12-03 09:55:08.937","VERSION":4,"JSON":"a_f19_mako-builddata-json-42.blob","JSONLENGTH":1607,"BUILDID":205,"JOBID":21,"BUILDNUMBER":17},{"ID":332,"CREATIONDATE":"2021-02-20 13:21:14.629","MODIFICATIONDATE":"2021-02-20 13:38:35.73","VERSION":4,"JSON":"a_f19_mako-builddata-json-43.blob","JSONLENGTH":1607,"BUILDID":342,"JOBID":21,"BUILDNUMBER":20},{"ID":333,"CREATIONDATE":"2021-02-20 15:37:06.377","MODIFICATIONDATE":"2021-02-20 15:37:24.583","VERSION":4,"JSON":"a_f19_mako-builddata-json-44.blob","JSONLENGTH":1579,"BUILDID":381,"JOBID":22,"BUILDNUMBER":12},{"ID":128,"CREATIONDATE":"2020-11-26 19:24:39.858","MODIFICATIONDATE":"2020-11-26 19:27:57.782","VERSION":4,"JSON":"a_f19_mako-builddata-json-45.blob","JSONLENGTH":950,"BUILDID":128,"JOBID":41,"BUILDNUMBER":2},{"ID":201,"CREATIONDATE":"2020-12-01 09:14:18.299","MODIFICATIONDATE":"2020-12-01 09:17:23.987","VERSION":4,"JSON":"a_f19_mako-builddata-json-46.blob","JSONLENGTH":1158,"BUILDID":181,"JOBID":41,"BUILDNUMBER":5},{"ID":202,"CREATIONDATE":"2020-12-01 09:17:24.656","MODIFICATIONDATE":"2020-12-01 09:17:42.936","VERSION":4,"JSON":"a_f19_mako-builddata-json-47.blob","JSONLENGTH":1570,"BUILDID":182,"JOBID":22,"BUILDNUMBER":4},{"ID":223,"CREATIONDATE":"2020-12-02 16:58:08.681","MODIFICATIONDATE":"2020-12-02 17:01:19.621","VERSION":5,"JSON":"a_f19_mako-builddata-json-48.blob","JSONLENGTH":1170,"BUILDID":203,"JOBID":41,"BUILDNUMBER":7},{"ID":224,"CREATIONDATE":"2020-12-02 17:01:21.475","MODIFICATIONDATE":"2020-12-02 17:01:51.008","VERSION":4,"JSON":"a_f19_mako-builddata-json-49.blob","JSONLENGTH":1570,"BUILDID":204,"JOBID":22,"BUILDNUMBER":6},{"ID":221,"CREATIONDATE":"2020-12-02 16:21:38.537","MODIFICATIONDATE":"2020-12-02 16:26:24.34","VERSION":4,"JSON":"a_f19_mako-builddata-json-50.blob","JSONLENGTH":1159,"BUILDID":201,"JOBID":41,"BUILDNUMBER":6},{"ID":222,"CREATIONDATE":"2020-12-02 16:26:24.887","MODIFICATIONDATE":"2020-12-02 16:28:15.573","VERSION":4,"JSON":"a_f19_mako-builddata-json-51.blob","JSONLENGTH":1570,"BUILDID":202,"JOBID":22,"BUILDNUMBER":5},{"ID":247,"CREATIONDATE":"2020-12-03 09:50:10.969","MODIFICATIONDATE":"2020-12-03 09:54:34.775","VERSION":6,"JSON":"a_f19_mako-builddata-json-52.blob","JSONLENGTH":839,"BUILDID":241,"JOBID":23,"BUILDNUMBER":12},{"ID":272,"CREATIONDATE":"2021-01-12 13:04:50.683","MODIFICATIONDATE":"2021-01-12 13:07:24.872","VERSION":4,"JSON":"a_f19_mako-builddata-json-53.blob","JSONLENGTH":1163,"BUILDID":282,"JOBID":41,"BUILDNUMBER":11},{"ID":311,"CREATIONDATE":"2021-01-13 16:48:33.544","MODIFICATIONDATE":"2021-01-13 16:51:45.944","VERSION":4,"JSON":"a_f19_mako-builddata-json-54.blob","JSONLENGTH":1163,"BUILDID":321,"JOBID":41,"BUILDNUMBER":12},{"ID":373,"CREATIONDATE":"2021-02-25 10:50:10.695","MODIFICATIONDATE":"2021-02-25 10:50:30.699","VERSION":4,"JSON":"a_f19_mako-builddata-json-55.blob","JSONLENGTH":1579,"BUILDID":403,"JOBID":22,"BUILDNUMBER":13},{"ID":129,"CREATIONDATE":"2020-11-26 19:45:54.229","MODIFICATIONDATE":"2020-11-26 19:48:31.166","VERSION":5,"JSON":"a_f19_mako-builddata-json-56.blob","JSONLENGTH":962,"BUILDID":129,"JOBID":41,"BUILDNUMBER":3},{"ID":165,"CREATIONDATE":"2020-11-30 17:29:05.027","MODIFICATIONDATE":"2020-11-30 17:32:29.43","VERSION":6,"JSON":"a_f19_mako-builddata-json-57.blob","JSONLENGTH":835,"BUILDID":145,"JOBID":23,"BUILDNUMBER":7},{"ID":271,"CREATIONDATE":"2021-01-12 12:35:17.101","MODIFICATIONDATE":"2021-01-12 12:53:32.597","VERSION":4,"JSON":"a_f19_mako-builddata-json-58.blob","JSONLENGTH":1607,"BUILDID":281,"JOBID":21,"BUILDNUMBER":18},{"ID":411,"CREATIONDATE":"2021-02-26 10:19:19.81","MODIFICATIONDATE":"2021-02-26 10:23:43.85","VERSION":4,"JSON":"a_f19_mako-builddata-json-59.blob","JSONLENGTH":1134,"BUILDID":441,"JOBID":23,"BUILDNUMBER":17},{"ID":431,"CREATIONDATE":"2021-02-26 10:29:11.149","MODIFICATIONDATE":"2021-02-26 10:31:17.853","VERSION":4,"JSON":"a_f19_mako-builddata-json-60.blob","JSONLENGTH":1162,"BUILDID":461,"JOBID":41,"BUILDNUMBER":15},{"ID":451,"CREATIONDATE":"2021-03-25 13:01:30.888","MODIFICATIONDATE":"2021-03-25 13:23:22.848","VERSION":4,"JSON":"a_f19_mako-builddata-json-61.blob","JSONLENGTH":1134,"BUILDID":481,"JOBID":23,"BUILDNUMBER":18},{"ID":126,"CREATIONDATE":"2020-11-26 19:10:55.784","MODIFICATIONDATE":"2020-11-26 19:15:11.837","VERSION":5,"JSON":"a_f19_mako-builddata-json-62.blob","JSONLENGTH":962,"BUILDID":126,"JOBID":23,"BUILDNUMBER":3},{"ID":292,"CREATIONDATE":"2021-01-13 16:40:47.378","MODIFICATIONDATE":"2021-01-13 16:42:52.685","VERSION":4,"JSON":"a_f19_mako-builddata-json-63.blob","JSONLENGTH":1607,"BUILDID":302,"JOBID":21,"BUILDNUMBER":19},{"ID":412,"CREATIONDATE":"2021-02-26 10:23:44.745","MODIFICATIONDATE":"2021-02-26 10:24:05.373","VERSION":4,"JSON":"a_f19_mako-builddata-json-64.blob","JSONLENGTH":1607,"BUILDID":442,"JOBID":21,"BUILDNUMBER":22},{"ID":452,"CREATIONDATE":"2021-03-25 13:23:23.865","MODIFICATIONDATE":"2021-03-25 13:40:42.383","VERSION":4,"JSON":"a_f19_mako-builddata-json-65.blob","JSONLENGTH":1607,"BUILDID":482,"JOBID":21,"BUILDNUMBER":23},{"ID":471,"CREATIONDATE":"2021-03-25 13:41:15.205","MODIFICATIONDATE":"2021-03-25 13:45:00.651","VERSION":4,"JSON":"a_f19_mako-builddata-json-66.blob","JSONLENGTH":1163,"BUILDID":501,"JOBID":41,"BUILDNUMBER":16},{"ID":127,"CREATIONDATE":"2020-11-26 19:20:11.475","MODIFICATIONDATE":"2020-11-26 19:20:22.813","VERSION":5,"JSON":"a_f19_mako-builddata-json-67.blob","JSONLENGTH":932,"BUILDID":127,"JOBID":41,"BUILDNUMBER":1},{"ID":130,"CREATIONDATE":"2020-11-26 19:49:42.592","MODIFICATIONDATE":"2020-11-26 19:53:25.035","VERSION":5,"JSON":"a_f19_mako-builddata-json-68.blob","JSONLENGTH":962,"BUILDID":130,"JOBID":23,"BUILDNUMBER":5},{"ID":241,"CREATIONDATE":"2020-12-02 16:31:52.752","MODIFICATIONDATE":"2020-12-02 16:35:52.672","VERSION":6,"JSON":"a_f19_mako-builddata-json-69.blob","JSONLENGTH":837,"BUILDID":221,"JOBID":23,"BUILDNUMBER":10},{"ID":242,"CREATIONDATE":"2020-12-02 16:35:53.079","MODIFICATIONDATE":"2020-12-02 16:36:12.751","VERSION":4,"JSON":"a_f19_mako-builddata-json-70.blob","JSONLENGTH":1607,"BUILDID":222,"JOBID":21,"BUILDNUMBER":15},{"ID":351,"CREATIONDATE":"2021-02-20 15:34:56.738","MODIFICATIONDATE":"2021-02-20 15:37:05.827","VERSION":4,"JSON":"a_f19_mako-builddata-json-71.blob","JSONLENGTH":1162,"BUILDID":361,"JOBID":41,"BUILDNUMBER":13},{"ID":432,"CREATIONDATE":"2021-02-26 10:31:19.812","MODIFICATIONDATE":"2021-02-26 10:31:41.695","VERSION":4,"JSON":"a_f19_mako-builddata-json-72.blob","JSONLENGTH":1579,"BUILDID":462,"JOBID":22,"BUILDNUMBER":14},{"ID":534,"CREATIONDATE":"2021-04-29 09:48:06.482","MODIFICATIONDATE":"2021-04-29 09:48:26.405","VERSION":4,"JSON":"a_f19_mako-builddata-json-73.blob","JSONLENGTH":1579,"BUILDID":564,"JOBID":22,"BUILDNUMBER":17},{"ID":531,"CREATIONDATE":"2021-04-29 09:04:03.512","MODIFICATIONDATE":"2021-04-29 09:09:41.285","VERSION":4,"JSON":"a_f19_mako-builddata-json-74.blob","JSONLENGTH":1134,"BUILDID":561,"JOBID":23,"BUILDNUMBER":20},{"ID":491,"CREATIONDATE":"2021-04-25 12:13:02.023","MODIFICATIONDATE":"2021-04-25 12:18:25.162","VERSION":4,"JSON":"a_f19_mako-builddata-json-75.blob","JSONLENGTH":1133,"BUILDID":521,"JOBID":23,"BUILDNUMBER":19},{"ID":492,"CREATIONDATE":"2021-04-25 12:18:25.696","MODIFICATIONDATE":"2021-04-25 12:20:05.246","VERSION":4,"JSON":"a_f19_mako-builddata-json-76.blob","JSONLENGTH":1607,"BUILDID":522,"JOBID":21,"BUILDNUMBER":24},{"ID":511,"CREATIONDATE":"2021-04-25 14:14:07.039","MODIFICATIONDATE":"2021-04-25 14:16:45.746","VERSION":4,"JSON":"a_f19_mako-builddata-json-77.blob","JSONLENGTH":1163,"BUILDID":541,"JOBID":41,"BUILDNUMBER":17},{"ID":533,"CREATIONDATE":"2021-04-29 09:45:43.122","MODIFICATIONDATE":"2021-04-29 09:48:05.493","VERSION":4,"JSON":"a_f19_mako-builddata-json-78.blob","JSONLENGTH":1163,"BUILDID":563,"JOBID":41,"BUILDNUMBER":18},{"ID":493,"CREATIONDATE":"2021-04-25 14:16:46.275","MODIFICATIONDATE":"2021-04-25 14:17:04.924","VERSION":4,"JSON":"a_f19_mako-builddata-json-79.blob","JSONLENGTH":1579,"BUILDID":523,"JOBID":22,"BUILDNUMBER":16},{"ID":532,"CREATIONDATE":"2021-04-29 09:09:44.148","MODIFICATIONDATE":"2021-04-29 09:11:35.65","VERSION":4,"JSON":"a_f19_mako-builddata-json-80.blob","JSONLENGTH":1607,"BUILDID":562,"JOBID":21,"BUILDNUMBER":25}]