[{"ID":407,"CREATIONDATE":"2020-12-01 09:25:39.415","MODIFICATIONDATE":"2021-06-03 00:01:12.782","VERSION":185,"JSON":"a_f19_mako-event-json-1.blob","KEYSTRING":"JN=VBCS_Package_and_deploy_app;KD=com.oracle.ci.plugins.general.DiscardOldBuilds$BuildsCleanupTrigger;CL=com.oracle.ci.job.timed.JobPeriodicData;","NEXTTIMESTAMP":1622764800000,"JSONLENGTH":678},{"ID":341,"CREATIONDATE":"2020-11-26 19:22:10.638","MODIFICATIONDATE":"2021-06-03 00:01:12.725","VERSION":190,"JSON":"a_f19_mako-event-json-2.blob","KEYSTRING":"JN=VBCS_destroy;KD=com.oracle.ci.plugins.general.DiscardOldBuilds$BuildsCleanupTrigger;CL=com.oracle.ci.job.timed.JobPeriodicData;","NEXTTIMESTAMP":1622764800000,"JSONLENGTH":648},{"ID":373,"CREATIONDATE":"2020-12-01 09:10:00.018","MODIFICATIONDATE":"2021-06-03 00:01:12.781","VERSION":185,"JSON":"a_f19_mako-event-json-3.blob","KEYSTRING":"JN=DB_apply_data_model_uuid_table;KD=com.oracle.ci.plugins.general.DiscardOldBuilds$BuildsCleanupTrigger;CL=com.oracle.ci.job.timed.JobPeriodicData;","NEXTTIMESTAMP":1622764800000,"JSONLENGTH":684},{"ID":369,"CREATIONDATE":"2020-11-30 08:52:34.083","MODIFICATIONDATE":"2021-06-03 00:01:12.78","VERSION":186,"JSON":"a_f19_mako-event-json-4.blob","KEYSTRING":"JN=DB_rollback_data_model_uuid_table;KD=com.oracle.ci.plugins.general.DiscardOldBuilds$BuildsCleanupTrigger;CL=com.oracle.ci.job.timed.JobPeriodicData;","NEXTTIMESTAMP":1622764800000,"JSONLENGTH":690}]