[{"ID":21,"CREATIONDATE":"2020-11-26 14:23:53.756","MODIFICATIONDATE":"2020-12-01 09:09:58.849","VERSION":8,"JSON":"a_f19_mako-job-json-1.blob","JOBNAME":"DB_apply_data_model_uuid_table","JSONLENGTH":4708},{"ID":22,"CREATIONDATE":"2020-11-26 14:26:11.641","MODIFICATIONDATE":"2020-11-30 08:52:33.642","VERSION":4,"JSON":"a_f19_mako-job-json-2.blob","JOBNAME":"DB_rollback_data_model_uuid_table","JSONLENGTH":5296},{"ID":23,"CREATIONDATE":"2020-11-26 14:28:18.864","MODIFICATIONDATE":"2020-12-01 09:25:39.359","VERSION":3,"JSON":"a_f19_mako-job-json-3.blob","JOBNAME":"VBCS_Package_and_deploy_app","JSONLENGTH":6643},{"ID":41,"CREATIONDATE":"2020-11-26 14:30:15.723","MODIFICATIONDATE":"2020-11-26 19:21:56.678","VERSION":5,"JSON":"a_f19_mako-job-json-4.blob","JOBNAME":"VBCS_destroy","JSONLENGTH":5078}]