[{"ID":21,"CREATIONDATE":"2020-11-26 14:23:53.789","MODIFICATIONDATE":"2021-04-29 09:11:35.659","VERSION":119,"JSON":"a_f19_mako-jobdata-json-1.blob","JOBID":21,"JOBNAME":"DB_apply_data_model_uuid_table","GITYAMLPATH":null,"JOBTYPE":"DEFAULT","FORMERGEREQUEST":0,"JSONLENGTH":1332},{"ID":22,"CREATIONDATE":"2020-11-26 14:26:11.648","MODIFICATIONDATE":"2021-04-29 09:48:26.409","VERSION":73,"JSON":"a_f19_mako-jobdata-json-2.blob","JOBID":22,"JOBNAME":"DB_rollback_data_model_uuid_table","GITYAMLPATH":null,"JOBTYPE":"DEFAULT","FORMERGEREQUEST":0,"JSONLENGTH":1299},{"ID":23,"CREATIONDATE":"2020-11-26 14:28:18.87","MODIFICATIONDATE":"2021-04-29 09:09:42.335","VERSION":95,"JSON":"a_f19_mako-jobdata-json-3.blob","JOBID":23,"JOBNAME":"VBCS_Package_and_deploy_app","GITYAMLPATH":null,"JOBTYPE":"DEFAULT","FORMERGEREQUEST":0,"JSONLENGTH":1346},{"ID":41,"CREATIONDATE":"2020-11-26 14:30:15.752","MODIFICATIONDATE":"2021-04-29 09:48:05.799","VERSION":79,"JSON":"a_f19_mako-jobdata-json-4.blob","JOBID":41,"JOBNAME":"VBCS_destroy","GITYAMLPATH":null,"JOBTYPE":"DEFAULT","FORMERGEREQUEST":0,"JSONLENGTH":1302}]