[{"ID":66,"CREATIONDATE":"2020-11-26 14:37:11.868","MODIFICATIONDATE":"2020-11-26 14:37:11.868","VERSION":1,"JSON":"a_f19_mako-joboutput-json-1.blob","JOBID":21,"PUBLISHERNAME":"scm_poll_data_list","STORAGEPATH":"/*singleton*","STORAGESIZE":null,"JSONLENGTH":54},{"ID":67,"CREATIONDATE":"2020-11-26 14:37:11.926","MODIFICATIONDATE":"2020-11-26 14:37:11.926","VERSION":1,"JSON":"a_f19_mako-joboutput-json-2.blob","JOBID":22,"PUBLISHERNAME":"scm_poll_data_list","STORAGEPATH":"/*singleton*","STORAGESIZE":null,"JSONLENGTH":54},{"ID":68,"CREATIONDATE":"2020-11-26 14:37:31.711","MODIFICATIONDATE":"2021-01-13 16:40:29.201","VERSION":15,"JSON":"a_f19_mako-joboutput-json-3.blob","JOBID":23,"PUBLISHERNAME":"head_revision_list","STORAGEPATH":"/*singleton*","STORAGESIZE":null,"JSONLENGTH":552},{"ID":69,"CREATIONDATE":"2020-11-26 14:37:31.715","MODIFICATIONDATE":"2021-01-13 16:40:29.226","VERSION":15,"JSON":"a_f19_mako-joboutput-json-4.blob","JOBID":23,"PUBLISHERNAME":"scm_change_log_list","STORAGEPATH":"/*singleton*","STORAGESIZE":null,"JSONLENGTH":26951},{"ID":101,"CREATIONDATE":"2020-11-30 08:51:25.641","MODIFICATIONDATE":"2020-11-30 08:51:25.641","VERSION":1,"JSON":"a_f19_mako-joboutput-json-5.blob","JOBID":22,"PUBLISHERNAME":"head_revision_list","STORAGEPATH":"/*singleton*","STORAGESIZE":null,"JSONLENGTH":285},{"ID":102,"CREATIONDATE":"2020-11-30 08:51:25.651","MODIFICATIONDATE":"2020-11-30 08:51:25.651","VERSION":1,"JSON":"a_f19_mako-joboutput-json-6.blob","JOBID":22,"PUBLISHERNAME":"scm_change_log_list","STORAGEPATH":"/*singleton*","STORAGESIZE":null,"JSONLENGTH":13158},{"ID":61,"CREATIONDATE":"2020-11-26 14:23:53.943","MODIFICATIONDATE":"2021-04-29 09:11:36.29","VERSION":34,"JSON":"a_f19_mako-joboutput-json-7.blob","JOBID":21,"PUBLISHERNAME":"job_audit_events","STORAGEPATH":"/*singleton*","STORAGESIZE":null,"JSONLENGTH":10042},{"ID":62,"CREATIONDATE":"2020-11-26 14:26:11.714","MODIFICATIONDATE":"2021-04-29 09:48:26.509","VERSION":21,"JSON":"a_f19_mako-joboutput-json-8.blob","JOBID":22,"PUBLISHERNAME":"job_audit_events","STORAGEPATH":"/*singleton*","STORAGESIZE":null,"JSONLENGTH":6553},{"ID":64,"CREATIONDATE":"2020-11-26 14:31:37.718","MODIFICATIONDATE":"2020-11-30 08:49:46.037","VERSION":11,"JSON":"a_f19_mako-joboutput-json-9.blob","JOBID":21,"PUBLISHERNAME":"head_revision_list","STORAGEPATH":"/*singleton*","STORAGESIZE":null,"JSONLENGTH":285},{"ID":65,"CREATIONDATE":"2020-11-26 14:31:37.726","MODIFICATIONDATE":"2020-11-30 08:49:46.057","VERSION":11,"JSON":"a_f19_mako-joboutput-json-10.blob","JOBID":21,"PUBLISHERNAME":"scm_change_log_list","STORAGEPATH":"/*singleton*","STORAGESIZE":null,"JSONLENGTH":24240},{"ID":82,"CREATIONDATE":"2020-11-26 18:58:58.473","MODIFICATIONDATE":"2021-01-13 16:36:37.227","VERSION":19,"JSON":"a_f19_mako-joboutput-json-11.blob","JOBID":23,"PUBLISHERNAME":"scm_poll_data_list","STORAGEPATH":"/*singleton*","STORAGESIZE":null,"JSONLENGTH":6695},{"ID":81,"CREATIONDATE":"2020-11-26 14:30:15.855","MODIFICATIONDATE":"2021-04-29 09:48:06.186","VERSION":23,"JSON":"a_f19_mako-joboutput-json-12.blob","JOBID":41,"PUBLISHERNAME":"job_audit_events","STORAGEPATH":"/*singleton*","STORAGESIZE":null,"JSONLENGTH":6042},{"ID":83,"CREATIONDATE":"2020-11-26 19:20:22.35","MODIFICATIONDATE":"2020-12-02 17:01:18.354","VERSION":4,"JSON":"a_f19_mako-joboutput-json-13.blob","JOBID":41,"PUBLISHERNAME":"head_revision_list","STORAGEPATH":"/*singleton*","STORAGESIZE":null,"JSONLENGTH":291},{"ID":84,"CREATIONDATE":"2020-11-26 19:20:22.36","MODIFICATIONDATE":"2020-12-02 17:01:18.359","VERSION":4,"JSON":"a_f19_mako-joboutput-json-14.blob","JOBID":41,"PUBLISHERNAME":"scm_change_log_list","STORAGEPATH":"/*singleton*","STORAGESIZE":null,"JSONLENGTH":12197},{"ID":85,"CREATIONDATE":"2020-11-26 19:36:22.126","MODIFICATIONDATE":"2020-11-26 19:36:22.126","VERSION":1,"JSON":"a_f19_mako-joboutput-json-15.blob","JOBID":41,"PUBLISHERNAME":"scm_poll_data_list","STORAGEPATH":"/*singleton*","STORAGESIZE":null,"JSONLENGTH":54},{"ID":63,"CREATIONDATE":"2020-11-26 14:28:18.944","MODIFICATIONDATE":"2021-04-29 09:09:43.177","VERSION":23,"JSON":"a_f19_mako-joboutput-json-16.blob","JOBID":23,"PUBLISHERNAME":"job_audit_events","STORAGEPATH":"/*singleton*","STORAGESIZE":null,"JSONLENGTH":6661}]