[{"ID":221,"CREATIONDATE":"2020-12-01 09:10:00.269","MODIFICATIONDATE":"2020-12-01 09:10:00.269","VERSION":1,"JOBID":21,"SCMURL":"https://wedodev-wedoinfra.developer.ocp.oraclecloud.com/wedodev-wedoinfra/s/wedodev-wedoinfra_wedo-devops-pollservice-madrid_19485/scm/liquibase.git"},{"ID":241,"CREATIONDATE":"2020-12-01 09:25:39.433","MODIFICATIONDATE":"2020-12-01 09:25:39.433","VERSION":1,"JOBID":23,"SCMURL":"https://wedodev-wedoinfra.developer.ocp.oraclecloud.com/wedodev-wedoinfra/s/wedodev-wedoinfra_wedo-devops-pollservice-madrid_19485/scm/gigispoll_vbcs.git"},{"ID":242,"CREATIONDATE":"2020-12-01 09:25:39.433","MODIFICATIONDATE":"2020-12-01 09:25:39.433","VERSION":1,"JOBID":23,"SCMURL":"https://wedodev-wedoinfra.developer.ocp.oraclecloud.com/wedodev-wedoinfra/s/wedodev-wedoinfra_wedo-devops-pollservice-madrid_19485/scm/gigispoll_build.git"},{"ID":168,"CREATIONDATE":"2020-11-26 19:22:10.81","MODIFICATIONDATE":"2020-11-26 19:22:10.81","VERSION":1,"JOBID":41,"SCMURL":"https://wedodev-wedoinfra.developer.ocp.oraclecloud.com/wedodev-wedoinfra/s/wedodev-wedoinfra_wedo-devops-pollservice-madrid_19485/scm/gigispoll_build.git"},{"ID":181,"CREATIONDATE":"2020-11-30 08:52:34.206","MODIFICATIONDATE":"2020-11-30 08:52:34.206","VERSION":1,"JOBID":22,"SCMURL":"https://wedodev-wedoinfra.developer.ocp.oraclecloud.com/wedodev-wedoinfra/s/wedodev-wedoinfra_wedo-devops-pollservice-madrid_19485/scm/liquibase.git"}]