[{"ID":271,"CREATIONDATE":"2021-01-12 12:35:17.181","MODIFICATIONDATE":"2021-01-12 12:53:33.214","VERSION":8,"BUILDID":281,"TASKID":"8d108a1c-602c-4c05-af19-c977e9c54281","HASMORE":0,"HIGHESTNEXTLINE":59,"FIXNEXTLINE":"{ \"adjustments\": [] }","LOGSIZE":3548},{"ID":108,"CREATIONDATE":"2020-11-26 15:30:32.696","MODIFICATIONDATE":"2020-11-26 15:31:05.104","VERSION":7,"BUILDID":108,"TASKID":"5266574e-6ab9-488d-b519-a6a569254912","HASMORE":0,"HIGHESTNEXTLINE":141,"FIXNEXTLINE":"{ \"adjustments\": [] }","LOGSIZE":11565},{"ID":141,"CREATIONDATE":"2020-11-26 19:36:38.631","MODIFICATIONDATE":"2020-11-26 19:40:30.136","VERSION":14,"BUILDID":109,"TASKID":"75826d9b-9c98-4e87-a80b-230ce4a4d670","HASMORE":0,"HIGHESTNEXTLINE":349,"FIXNEXTLINE":"{ \"adjustments\": [] }","LOGSIZE":29135},{"ID":165,"CREATIONDATE":"2020-11-30 17:29:05.145","MODIFICATIONDATE":"2020-11-30 17:32:29.271","VERSION":14,"BUILDID":145,"TASKID":"04546b8f-5c5e-4760-838c-d75811354fc7","HASMORE":0,"HIGHESTNEXTLINE":323,"FIXNEXTLINE":"{ \"adjustments\": [] }","LOGSIZE":27363},{"ID":291,"CREATIONDATE":"2021-01-13 16:36:36.773","MODIFICATIONDATE":"2021-01-13 16:40:47.209","VERSION":13,"BUILDID":301,"TASKID":"57f6d76e-22e6-4bcd-86af-65bd18ed4fbe","HASMORE":0,"HIGHESTNEXTLINE":324,"FIXNEXTLINE":"{ \"adjustments\": [] }","LOGSIZE":27517},{"ID":471,"CREATIONDATE":"2021-03-25 13:41:15.412","MODIFICATIONDATE":"2021-03-25 13:45:17.42","VERSION":9,"BUILDID":501,"TASKID":"ff9338fa-e344-4a7f-965a-a8db220c5386","HASMORE":0,"HIGHESTNEXTLINE":36,"FIXNEXTLINE":"{ \"adjustments\": [] }","LOGSIZE":2771},{"ID":491,"CREATIONDATE":"2021-04-25 12:13:02.11","MODIFICATIONDATE":"2021-04-25 12:18:25.143","VERSION":16,"BUILDID":521,"TASKID":"c2a5face-8168-4076-8f35-a45b7c72d2aa","HASMORE":0,"HIGHESTNEXTLINE":340,"FIXNEXTLINE":"{ \"adjustments\": [] }","LOGSIZE":29023},{"ID":532,"CREATIONDATE":"2021-04-29 09:09:44.241","MODIFICATIONDATE":"2021-04-29 09:11:35.602","VERSION":8,"BUILDID":562,"TASKID":"47677bd3-0691-4788-ab8b-dba6efb73189","HASMORE":0,"HIGHESTNEXTLINE":91,"FIXNEXTLINE":"{ \"adjustments\": [] }","LOGSIZE":5313},{"ID":533,"CREATIONDATE":"2021-04-29 09:45:43.221","MODIFICATIONDATE":"2021-04-29 09:48:06.352","VERSION":10,"BUILDID":563,"TASKID":"6b5f1654-f565-4ad3-9481-b5042bf8c41d","HASMORE":0,"HIGHESTNEXTLINE":36,"FIXNEXTLINE":"{ \"adjustments\": [] }","LOGSIZE":2771},{"ID":223,"CREATIONDATE":"2020-12-02 16:58:08.786","MODIFICATIONDATE":"2020-12-02 17:01:19.283","VERSION":8,"BUILDID":203,"TASKID":"cbbbbeda-27ef-41c6-9611-53244bf58cda","HASMORE":0,"HIGHESTNEXTLINE":35,"FIXNEXTLINE":"{ \"adjustments\": [] }","LOGSIZE":2727},{"ID":224,"CREATIONDATE":"2020-12-02 17:01:21.541","MODIFICATIONDATE":"2020-12-02 17:01:53.154","VERSION":8,"BUILDID":204,"TASKID":"e153c088-98fb-4376-b709-647985cf6ff6","HASMORE":0,"HIGHESTNEXTLINE":43,"FIXNEXTLINE":"{ \"adjustments\": [] }","LOGSIZE":2666},{"ID":225,"CREATIONDATE":"2020-12-03 09:54:42.667","MODIFICATIONDATE":"2020-12-03 09:55:12.004","VERSION":8,"BUILDID":205,"TASKID":"aed9ffd4-4312-4d78-94c6-4e055bdd85cb","HASMORE":0,"HIGHESTNEXTLINE":59,"FIXNEXTLINE":"{ \"adjustments\": [] }","LOGSIZE":3548},{"ID":248,"CREATIONDATE":"2020-12-03 10:02:00.49","MODIFICATIONDATE":"2020-12-03 10:04:39.317","VERSION":8,"BUILDID":242,"TASKID":"d20bc633-5f7f-4cb7-9b49-ac4400b7d7e0","HASMORE":0,"HIGHESTNEXTLINE":35,"FIXNEXTLINE":"{ \"adjustments\": [] }","LOGSIZE":2728},{"ID":226,"CREATIONDATE":"2020-12-03 10:04:40.154","MODIFICATIONDATE":"2020-12-03 10:05:19.636","VERSION":8,"BUILDID":206,"TASKID":"00f56c59-6ba4-485e-b73a-ba5905b6b074","HASMORE":0,"HIGHESTNEXTLINE":43,"FIXNEXTLINE":"{ \"adjustments\": [] }","LOGSIZE":2666},{"ID":103,"CREATIONDATE":"2020-11-26 14:44:40.921","MODIFICATIONDATE":"2020-11-26 14:45:09.946","VERSION":7,"BUILDID":103,"TASKID":"fd8648f4-19b4-4947-ab7a-46c881883f0e","HASMORE":0,"HIGHESTNEXTLINE":48,"FIXNEXTLINE":"{ \"adjustments\": [] }","LOGSIZE":3678},{"ID":161,"CREATIONDATE":"2020-11-30 08:49:27.94","MODIFICATIONDATE":"2020-11-30 08:49:52.545","VERSION":7,"BUILDID":141,"TASKID":"a883779b-370a-476a-88af-362bfdfb7b47","HASMORE":0,"HIGHESTNEXTLINE":56,"FIXNEXTLINE":"{ \"adjustments\": [] }","LOGSIZE":3337},{"ID":162,"CREATIONDATE":"2020-11-30 08:49:53.561","MODIFICATIONDATE":"2020-11-30 08:55:19.741","VERSION":14,"BUILDID":142,"TASKID":"ba272a16-00f0-4291-8a56-b6a6cd0552db","HASMORE":0,"HIGHESTNEXTLINE":344,"FIXNEXTLINE":"{ \"adjustments\": [] }","LOGSIZE":28860},{"ID":184,"CREATIONDATE":"2020-11-30 17:48:52.994","MODIFICATIONDATE":"2020-11-30 17:49:22.775","VERSION":7,"BUILDID":164,"TASKID":"266d0b05-7cfa-41e6-8e5e-5df21c878c8d","HASMORE":0,"HIGHESTNEXTLINE":56,"FIXNEXTLINE":"{ \"adjustments\": [] }","LOGSIZE":3389},{"ID":272,"CREATIONDATE":"2021-01-12 13:04:50.728","MODIFICATIONDATE":"2021-01-12 13:07:34.585","VERSION":8,"BUILDID":282,"TASKID":"27c1a631-a346-4b49-92a7-973e77987f3d","HASMORE":0,"HIGHESTNEXTLINE":36,"FIXNEXTLINE":"{ \"adjustments\": [] }","LOGSIZE":2771},{"ID":293,"CREATIONDATE":"2021-01-13 16:51:47.087","MODIFICATIONDATE":"2021-01-13 16:52:15.045","VERSION":8,"BUILDID":303,"TASKID":"104aa44a-efb3-4da1-9630-1d3f6fcffc7a","HASMORE":0,"HIGHESTNEXTLINE":43,"FIXNEXTLINE":"{ \"adjustments\": [] }","LOGSIZE":2667},{"ID":333,"CREATIONDATE":"2021-02-20 15:37:06.405","MODIFICATIONDATE":"2021-02-20 15:37:24.577","VERSION":7,"BUILDID":381,"TASKID":"571cb6f4-29fd-41cd-930a-e2ecda1d2dd4","HASMORE":0,"HIGHESTNEXTLINE":55,"FIXNEXTLINE":"{ \"adjustments\": [] }","LOGSIZE":3362},{"ID":452,"CREATIONDATE":"2021-03-25 13:23:23.932","MODIFICATIONDATE":"2021-03-25 13:40:42.201","VERSION":8,"BUILDID":482,"TASKID":"7fddd280-b837-4865-a2e2-dc79991ea4f2","HASMORE":0,"HIGHESTNEXTLINE":91,"FIXNEXTLINE":"{ \"adjustments\": [] }","LOGSIZE":5313},{"ID":492,"CREATIONDATE":"2021-04-25 12:18:25.722","MODIFICATIONDATE":"2021-04-25 12:20:05.236","VERSION":8,"BUILDID":522,"TASKID":"08ed0b1a-7d38-47d4-9422-08ef9ea36ff5","HASMORE":0,"HIGHESTNEXTLINE":91,"FIXNEXTLINE":"{ \"adjustments\": [] }","LOGSIZE":5313},{"ID":511,"CREATIONDATE":"2021-04-25 14:14:07.217","MODIFICATIONDATE":"2021-04-25 14:16:45.733","VERSION":8,"BUILDID":541,"TASKID":"ac3c1d7d-333b-40b4-b264-cf5e0d860b6a","HASMORE":0,"HIGHESTNEXTLINE":35,"FIXNEXTLINE":"{ \"adjustments\": [] }","LOGSIZE":2728},{"ID":202,"CREATIONDATE":"2020-12-01 09:17:24.673","MODIFICATIONDATE":"2020-12-01 09:17:42.872","VERSION":7,"BUILDID":182,"TASKID":"7bb726dc-9736-48a5-ac47-226e8a349275","HASMORE":0,"HIGHESTNEXTLINE":42,"FIXNEXTLINE":"{ \"adjustments\": [] }","LOGSIZE":2623},{"ID":243,"CREATIONDATE":"2020-12-02 17:08:01.255","MODIFICATIONDATE":"2020-12-02 17:11:42.826","VERSION":13,"BUILDID":223,"TASKID":"98776465-e78c-440f-850c-a45f81ef83ce","HASMORE":0,"HIGHESTNEXTLINE":358,"FIXNEXTLINE":"{ \"adjustments\": [] }","LOGSIZE":29612},{"ID":246,"CREATIONDATE":"2020-12-02 17:17:35.768","MODIFICATIONDATE":"2020-12-02 17:17:52.648","VERSION":7,"BUILDID":226,"TASKID":"8f38a1d5-219a-4302-af4f-68ed1ca45bfd","HASMORE":0,"HIGHESTNEXTLINE":42,"FIXNEXTLINE":"{ \"adjustments\": [] }","LOGSIZE":2623},{"ID":104,"CREATIONDATE":"2020-11-26 14:51:13.642","MODIFICATIONDATE":"2020-11-26 14:51:51.585","VERSION":7,"BUILDID":104,"TASKID":"95c379bc-a8aa-40d8-b9cb-700bded73967","HASMORE":0,"HIGHESTNEXTLINE":48,"FIXNEXTLINE":"{ \"adjustments\": [] }","LOGSIZE":3670},{"ID":105,"CREATIONDATE":"2020-11-26 14:54:53.49","MODIFICATIONDATE":"2020-11-26 14:55:23.28","VERSION":7,"BUILDID":105,"TASKID":"1e31400a-6395-4b33-8681-c2f7a87a9fe1","HASMORE":0,"HIGHESTNEXTLINE":50,"FIXNEXTLINE":"{ \"adjustments\": [] }","LOGSIZE":3742},{"ID":106,"CREATIONDATE":"2020-11-26 15:07:24.96","MODIFICATIONDATE":"2020-11-26 15:08:08.738","VERSION":8,"BUILDID":106,"TASKID":"223cab90-0209-4614-b248-27db46331e75","HASMORE":0,"HIGHESTNEXTLINE":50,"FIXNEXTLINE":"{ \"adjustments\": [] }","LOGSIZE":3730},{"ID":121,"CREATIONDATE":"2020-11-26 15:32:37.948","MODIFICATIONDATE":"2020-11-26 15:33:14.492","VERSION":8,"BUILDID":121,"TASKID":"094b5f94-c59c-4eb1-b1e1-bc51b0cf1b6a","HASMORE":0,"HIGHESTNEXTLINE":142,"FIXNEXTLINE":"{ \"adjustments\": [] }","LOGSIZE":11602},{"ID":127,"CREATIONDATE":"2020-11-26 19:20:11.594","MODIFICATIONDATE":"2020-11-26 19:20:22.8","VERSION":7,"BUILDID":127,"TASKID":"11f6cc16-ec5a-4621-aa72-9cd771d94658","HASMORE":0,"HIGHESTNEXTLINE":26,"FIXNEXTLINE":"{ \"adjustments\": [] }","LOGSIZE":1862},{"ID":129,"CREATIONDATE":"2020-11-26 19:45:54.427","MODIFICATIONDATE":"2020-11-26 19:48:31.154","VERSION":8,"BUILDID":129,"TASKID":"5d3f758c-6baf-43b8-8041-f6403b2aa7e6","HASMORE":0,"HIGHESTNEXTLINE":29,"FIXNEXTLINE":"{ \"adjustments\": [] }","LOGSIZE":2402},{"ID":130,"CREATIONDATE":"2020-11-26 19:49:42.664","MODIFICATIONDATE":"2020-11-26 19:53:32.667","VERSION":13,"BUILDID":130,"TASKID":"8a71dd0e-f0ad-4373-b1b0-4b9616b29e4b","HASMORE":0,"HIGHESTNEXTLINE":324,"FIXNEXTLINE":"{ \"adjustments\": [] }","LOGSIZE":27425},{"ID":163,"CREATIONDATE":"2020-11-30 08:51:05.099","MODIFICATIONDATE":"2020-11-30 08:51:27.225","VERSION":7,"BUILDID":143,"TASKID":"8d004aa4-9621-4a16-a133-aa7a3359fc1f","HASMORE":0,"HIGHESTNEXTLINE":35,"FIXNEXTLINE":"{ \"adjustments\": [] }","LOGSIZE":2259},{"ID":164,"CREATIONDATE":"2020-11-30 08:52:23.099","MODIFICATIONDATE":"2020-11-30 08:52:45.683","VERSION":8,"BUILDID":144,"TASKID":"36b9ab3b-27ff-4f74-b387-5627c1e4fb8b","HASMORE":0,"HIGHESTNEXTLINE":36,"FIXNEXTLINE":"{ \"adjustments\": [] }","LOGSIZE":2258},{"ID":201,"CREATIONDATE":"2020-12-01 09:14:18.385","MODIFICATIONDATE":"2020-12-01 09:17:23.976","VERSION":9,"BUILDID":181,"TASKID":"a1527cac-2bbc-4a1d-bdf6-262345fbad3b","HASMORE":0,"HIGHESTNEXTLINE":35,"FIXNEXTLINE":"{ \"adjustments\": [] }","LOGSIZE":2727},{"ID":249,"CREATIONDATE":"2020-12-03 10:02:13.413","MODIFICATIONDATE":"2020-12-03 10:05:24.755","VERSION":7,"BUILDID":243,"TASKID":"208d167d-682f-4542-b4f5-8cbe261bdbb4","HASMORE":0,"HIGHESTNEXTLINE":32,"FIXNEXTLINE":"{ \"adjustments\": [] }","LOGSIZE":2161},{"ID":250,"CREATIONDATE":"2020-12-03 10:05:10.189","MODIFICATIONDATE":"2020-12-03 10:05:37.195","VERSION":8,"BUILDID":244,"TASKID":"f0be8518-e2ea-4b76-a2c2-91558100554f","HASMORE":0,"HIGHESTNEXTLINE":28,"FIXNEXTLINE":"{ \"adjustments\": [] }","LOGSIZE":1936},{"ID":311,"CREATIONDATE":"2021-01-13 16:48:33.58","MODIFICATIONDATE":"2021-01-13 16:51:45.759","VERSION":8,"BUILDID":321,"TASKID":"e1be218a-592e-424b-aa7f-769a0641e357","HASMORE":0,"HIGHESTNEXTLINE":35,"FIXNEXTLINE":"{ \"adjustments\": [] }","LOGSIZE":2728},{"ID":391,"CREATIONDATE":"2021-02-25 10:47:42.201","MODIFICATIONDATE":"2021-02-25 10:50:09.637","VERSION":9,"BUILDID":421,"TASKID":"05712479-47f7-4cdd-bcb8-c2fd67bf21f3","HASMORE":0,"HIGHESTNEXTLINE":35,"FIXNEXTLINE":"{ \"adjustments\": [] }","LOGSIZE":2728},{"ID":411,"CREATIONDATE":"2021-02-26 10:19:19.866","MODIFICATIONDATE":"2021-02-26 10:23:43.8","VERSION":14,"BUILDID":441,"TASKID":"21dc070d-9298-4b74-ac99-38651520d8b6","HASMORE":0,"HIGHESTNEXTLINE":325,"FIXNEXTLINE":"{ \"adjustments\": [] }","LOGSIZE":28063},{"ID":412,"CREATIONDATE":"2021-02-26 10:23:44.757","MODIFICATIONDATE":"2021-02-26 10:24:05.345","VERSION":7,"BUILDID":442,"TASKID":"3a3fd160-2ff9-42b1-a0c6-98c3aa7af427","HASMORE":0,"HIGHESTNEXTLINE":91,"FIXNEXTLINE":"{ \"adjustments\": [] }","LOGSIZE":5313},{"ID":453,"CREATIONDATE":"2021-03-25 13:45:49.394","MODIFICATIONDATE":"2021-03-25 13:46:23.078","VERSION":8,"BUILDID":483,"TASKID":"e2e24d80-c025-458e-8665-6ac3935fc4da","HASMORE":0,"HIGHESTNEXTLINE":56,"FIXNEXTLINE":"{ \"adjustments\": [] }","LOGSIZE":3405},{"ID":531,"CREATIONDATE":"2021-04-29 09:04:03.924","MODIFICATIONDATE":"2021-04-29 09:09:58.207","VERSION":15,"BUILDID":561,"TASKID":"3cb654e3-510e-4a5d-b537-b08b7a766cf6","HASMORE":0,"HIGHESTNEXTLINE":322,"FIXNEXTLINE":"{ \"adjustments\": [] }","LOGSIZE":27318},{"ID":182,"CREATIONDATE":"2020-11-30 17:41:58.829","MODIFICATIONDATE":"2020-11-30 17:42:24.042","VERSION":7,"BUILDID":162,"TASKID":"c7e7db3e-7876-4d45-b39b-5736e18645d3","HASMORE":0,"HIGHESTNEXTLINE":28,"FIXNEXTLINE":"{ \"adjustments\": [] }","LOGSIZE":1935},{"ID":183,"CREATIONDATE":"2020-11-30 17:44:40.6","MODIFICATIONDATE":"2020-11-30 17:48:58.037","VERSION":14,"BUILDID":163,"TASKID":"1e07bacf-ab68-469c-bb93-a8bc097b85d7","HASMORE":0,"HIGHESTNEXTLINE":324,"FIXNEXTLINE":"{ \"adjustments\": [] }","LOGSIZE":27403},{"ID":204,"CREATIONDATE":"2020-12-01 09:28:14.514","MODIFICATIONDATE":"2020-12-01 09:28:39.764","VERSION":7,"BUILDID":184,"TASKID":"b5b508af-1f0f-419b-b9b3-8cbd26953531","HASMORE":0,"HIGHESTNEXTLINE":58,"FIXNEXTLINE":"{ \"adjustments\": [] }","LOGSIZE":3504},{"ID":221,"CREATIONDATE":"2020-12-02 16:21:38.687","MODIFICATIONDATE":"2020-12-02 16:26:24.318","VERSION":9,"BUILDID":201,"TASKID":"49ec16a5-db22-4ed6-ae0c-6b2366e0e96e","HASMORE":0,"HIGHESTNEXTLINE":35,"FIXNEXTLINE":"{ \"adjustments\": [] }","LOGSIZE":2728},{"ID":222,"CREATIONDATE":"2020-12-02 16:26:24.901","MODIFICATIONDATE":"2020-12-02 16:28:15.557","VERSION":7,"BUILDID":202,"TASKID":"ad3ad857-3fff-4a13-a2e2-eed693e7eb21","HASMORE":0,"HIGHESTNEXTLINE":42,"FIXNEXTLINE":"{ \"adjustments\": [] }","LOGSIZE":2623},{"ID":101,"CREATIONDATE":"2020-11-26 14:30:34.85","MODIFICATIONDATE":"2020-11-26 14:32:08.09","VERSION":8,"BUILDID":101,"TASKID":"006cf758-6df0-47a5-af15-7dd165ffd6ff","HASMORE":0,"HIGHESTNEXTLINE":100,"FIXNEXTLINE":"{ \"adjustments\": [] }","LOGSIZE":8756},{"ID":102,"CREATIONDATE":"2020-11-26 14:31:13.934","MODIFICATIONDATE":"2020-11-26 14:38:17.618","VERSION":14,"BUILDID":102,"TASKID":"40fac686-52b4-44f7-8fc0-7c6001fd5d09","HASMORE":0,"HIGHESTNEXTLINE":365,"FIXNEXTLINE":"{ \"adjustments\": [] }","LOGSIZE":30172},{"ID":128,"CREATIONDATE":"2020-11-26 19:24:40.036","MODIFICATIONDATE":"2020-11-26 19:27:57.776","VERSION":8,"BUILDID":128,"TASKID":"6495e660-6fd6-4715-bb48-1e677422e514","HASMORE":0,"HIGHESTNEXTLINE":34,"FIXNEXTLINE":"{ \"adjustments\": [] }","LOGSIZE":2793},{"ID":181,"CREATIONDATE":"2020-11-30 17:35:35.802","MODIFICATIONDATE":"2020-11-30 17:41:54.125","VERSION":10,"BUILDID":161,"TASKID":"b1630445-ebba-40f3-99c5-e35716f5e96d","HASMORE":0,"HIGHESTNEXTLINE":34,"FIXNEXTLINE":"{ \"adjustments\": [] }","LOGSIZE":3106},{"ID":241,"CREATIONDATE":"2020-12-02 16:31:53.077","MODIFICATIONDATE":"2020-12-02 16:35:52.595","VERSION":15,"BUILDID":221,"TASKID":"bd419f61-dc55-4486-ae2a-139d04c1164e","HASMORE":0,"HIGHESTNEXTLINE":322,"FIXNEXTLINE":"{ \"adjustments\": [] }","LOGSIZE":27188},{"ID":242,"CREATIONDATE":"2020-12-02 16:35:53.1","MODIFICATIONDATE":"2020-12-02 16:36:12.735","VERSION":7,"BUILDID":222,"TASKID":"cc5a84d4-4c3b-43d5-ba0c-170f8410fd70","HASMORE":0,"HIGHESTNEXTLINE":58,"FIXNEXTLINE":"{ \"adjustments\": [] }","LOGSIZE":3505},{"ID":251,"CREATIONDATE":"2021-01-12 12:12:13.377","MODIFICATIONDATE":"2021-01-12 12:34:12.946","VERSION":16,"BUILDID":261,"TASKID":"3ece46b6-1727-4bd0-ac79-70a9bc6a842f","HASMORE":0,"HIGHESTNEXTLINE":328,"FIXNEXTLINE":"{ \"adjustments\": [] }","LOGSIZE":28297},{"ID":252,"CREATIONDATE":"2021-01-12 13:07:33.193","MODIFICATIONDATE":"2021-01-12 13:07:55.236","VERSION":7,"BUILDID":262,"TASKID":"b1201437-9abd-425a-887d-5195a1676311","HASMORE":0,"HIGHESTNEXTLINE":42,"FIXNEXTLINE":"{ \"adjustments\": [] }","LOGSIZE":2624},{"ID":331,"CREATIONDATE":"2021-02-20 12:59:22.239","MODIFICATIONDATE":"2021-02-20 13:21:14.068","VERSION":15,"BUILDID":341,"TASKID":"b585bac6-0b61-4a22-abe4-a8db54ddf59d","HASMORE":0,"HIGHESTNEXTLINE":365,"FIXNEXTLINE":"{ \"adjustments\": [] }","LOGSIZE":30693},{"ID":351,"CREATIONDATE":"2021-02-20 15:34:56.843","MODIFICATIONDATE":"2021-02-20 15:37:05.82","VERSION":8,"BUILDID":361,"TASKID":"74228a24-fe95-488b-ba3b-91e87c5dc281","HASMORE":0,"HIGHESTNEXTLINE":35,"FIXNEXTLINE":"{ \"adjustments\": [] }","LOGSIZE":2727},{"ID":371,"CREATIONDATE":"2021-02-25 10:21:20.766","MODIFICATIONDATE":"2021-02-25 10:25:30.94","VERSION":16,"BUILDID":401,"TASKID":"f66e227c-7d08-4236-9cf3-750b6c1b8e0d","HASMORE":0,"HIGHESTNEXTLINE":342,"FIXNEXTLINE":"{ \"adjustments\": [] }","LOGSIZE":28703},{"ID":372,"CREATIONDATE":"2021-02-25 10:25:31.85","MODIFICATIONDATE":"2021-02-25 10:27:27.029","VERSION":8,"BUILDID":402,"TASKID":"c553e685-ac4d-4c97-be4d-5f5be8a1ce34","HASMORE":0,"HIGHESTNEXTLINE":91,"FIXNEXTLINE":"{ \"adjustments\": [] }","LOGSIZE":5313},{"ID":373,"CREATIONDATE":"2021-02-25 10:50:10.71","MODIFICATIONDATE":"2021-02-25 10:50:30.677","VERSION":7,"BUILDID":403,"TASKID":"4a43496c-c7a3-4645-8212-5fe5cf6c842a","HASMORE":0,"HIGHESTNEXTLINE":55,"FIXNEXTLINE":"{ \"adjustments\": [] }","LOGSIZE":3362},{"ID":431,"CREATIONDATE":"2021-02-26 10:29:11.171","MODIFICATIONDATE":"2021-02-26 10:31:17.846","VERSION":8,"BUILDID":461,"TASKID":"618206eb-c712-42c0-b21b-7151c323ac23","HASMORE":0,"HIGHESTNEXTLINE":35,"FIXNEXTLINE":"{ \"adjustments\": [] }","LOGSIZE":2727},{"ID":451,"CREATIONDATE":"2021-03-25 13:01:30.988","MODIFICATIONDATE":"2021-03-25 13:23:22.651","VERSION":15,"BUILDID":481,"TASKID":"01055600-b769-4b1d-981f-9c26d737b5ca","HASMORE":0,"HIGHESTNEXTLINE":324,"FIXNEXTLINE":"{ \"adjustments\": [] }","LOGSIZE":27931},{"ID":493,"CREATIONDATE":"2021-04-25 14:16:46.304","MODIFICATIONDATE":"2021-04-25 14:17:04.918","VERSION":7,"BUILDID":523,"TASKID":"8bae9fb1-06d7-4a55-8c35-d45bcad0cee6","HASMORE":0,"HIGHESTNEXTLINE":55,"FIXNEXTLINE":"{ \"adjustments\": [] }","LOGSIZE":3362},{"ID":534,"CREATIONDATE":"2021-04-29 09:48:06.503","MODIFICATIONDATE":"2021-04-29 09:48:26.399","VERSION":7,"BUILDID":564,"TASKID":"8bf4bda8-53e0-4df9-93e1-7f29a82de0e7","HASMORE":0,"HIGHESTNEXTLINE":55,"FIXNEXTLINE":"{ \"adjustments\": [] }","LOGSIZE":3362},{"ID":244,"CREATIONDATE":"2020-12-02 17:11:43.797","MODIFICATIONDATE":"2020-12-02 17:12:09.321","VERSION":8,"BUILDID":224,"TASKID":"b9ab06d8-26b6-4518-b6a5-b8ab4891fd9c","HASMORE":0,"HIGHESTNEXTLINE":58,"FIXNEXTLINE":"{ \"adjustments\": [] }","LOGSIZE":3505},{"ID":245,"CREATIONDATE":"2020-12-02 17:14:52.012","MODIFICATIONDATE":"2020-12-02 17:17:34.976","VERSION":8,"BUILDID":225,"TASKID":"1b560cd9-4f81-46e7-8dcf-ff7b0fcaf0e0","HASMORE":0,"HIGHESTNEXTLINE":35,"FIXNEXTLINE":"{ \"adjustments\": [] }","LOGSIZE":2728},{"ID":247,"CREATIONDATE":"2020-12-03 09:50:11.393","MODIFICATIONDATE":"2020-12-03 09:54:42.923","VERSION":13,"BUILDID":241,"TASKID":"4fb42d1e-f6e2-419b-a229-db6c41a68542","HASMORE":0,"HIGHESTNEXTLINE":323,"FIXNEXTLINE":"{ \"adjustments\": [] }","LOGSIZE":27231},{"ID":292,"CREATIONDATE":"2021-01-13 16:40:47.406","MODIFICATIONDATE":"2021-01-13 16:42:52.663","VERSION":8,"BUILDID":302,"TASKID":"600600bc-02e6-4721-a863-f2ef688bed33","HASMORE":0,"HIGHESTNEXTLINE":58,"FIXNEXTLINE":"{ \"adjustments\": [] }","LOGSIZE":3505},{"ID":332,"CREATIONDATE":"2021-02-20 13:21:14.637","MODIFICATIONDATE":"2021-02-20 13:38:35.714","VERSION":8,"BUILDID":342,"TASKID":"945aa988-913f-4461-9798-3cbf909cb8ba","HASMORE":0,"HIGHESTNEXTLINE":91,"FIXNEXTLINE":"{ \"adjustments\": [] }","LOGSIZE":5313},{"ID":432,"CREATIONDATE":"2021-02-26 10:31:19.823","MODIFICATIONDATE":"2021-02-26 10:31:41.684","VERSION":7,"BUILDID":462,"TASKID":"6dd7c74f-8744-4620-b9ea-88ca05cc45f1","HASMORE":0,"HIGHESTNEXTLINE":55,"FIXNEXTLINE":"{ \"adjustments\": [] }","LOGSIZE":3362},{"ID":107,"CREATIONDATE":"2020-11-26 15:28:51.17","MODIFICATIONDATE":"2020-11-26 15:30:00.043","VERSION":9,"BUILDID":107,"TASKID":"457c17e9-631a-4ece-acd5-77944d36c962","HASMORE":0,"HIGHESTNEXTLINE":172,"FIXNEXTLINE":"{ \"adjustments\": [] }","LOGSIZE":13570},{"ID":122,"CREATIONDATE":"2020-11-26 15:34:59.241","MODIFICATIONDATE":"2020-11-26 15:36:42.757","VERSION":9,"BUILDID":122,"TASKID":"bceea8d6-8f75-47ba-9be6-5155a43ba200","HASMORE":0,"HIGHESTNEXTLINE":226,"FIXNEXTLINE":"{ \"adjustments\": [] }","LOGSIZE":14942},{"ID":123,"CREATIONDATE":"2020-11-26 15:38:37.111","MODIFICATIONDATE":"2020-11-26 15:39:15.545","VERSION":8,"BUILDID":123,"TASKID":"fa022435-22c0-4ac5-9177-0869c00d8bf7","HASMORE":0,"HIGHESTNEXTLINE":50,"FIXNEXTLINE":"{ \"adjustments\": [] }","LOGSIZE":3017},{"ID":124,"CREATIONDATE":"2020-11-26 15:43:16.799","MODIFICATIONDATE":"2020-11-26 15:43:47.008","VERSION":8,"BUILDID":124,"TASKID":"a5954ea9-5709-4571-a9d2-4754e9fb83eb","HASMORE":0,"HIGHESTNEXTLINE":23,"FIXNEXTLINE":"{ \"adjustments\": [] }","LOGSIZE":1622},{"ID":125,"CREATIONDATE":"2020-11-26 15:43:48.039","MODIFICATIONDATE":"2020-11-26 15:47:23.963","VERSION":13,"BUILDID":125,"TASKID":"0f3a360d-a4e8-47b2-aedd-b2c3e8bc8d5f","HASMORE":0,"HIGHESTNEXTLINE":323,"FIXNEXTLINE":"{ \"adjustments\": [] }","LOGSIZE":27432},{"ID":126,"CREATIONDATE":"2020-11-26 19:10:56.334","MODIFICATIONDATE":"2020-11-26 19:15:11.805","VERSION":14,"BUILDID":126,"TASKID":"d394e791-4910-4505-b986-c67e297f58dd","HASMORE":0,"HIGHESTNEXTLINE":324,"FIXNEXTLINE":"{ \"adjustments\": [] }","LOGSIZE":27436},{"ID":203,"CREATIONDATE":"2020-12-01 09:24:16.024","MODIFICATIONDATE":"2020-12-01 09:28:13.824","VERSION":14,"BUILDID":183,"TASKID":"9c9231ba-7845-4afe-b4e1-23c091a58d67","HASMORE":0,"HIGHESTNEXTLINE":323,"FIXNEXTLINE":"{ \"adjustments\": [] }","LOGSIZE":27366}]