[{"ID":141,"CREATIONDATE":"2021-01-12 12:35:17.32","MODIFICATIONDATE":"2021-05-12 19:42:32.368","VERSION":3,"JSON":"a_f19_mako-pipelineinstance-json-1.blob","JSONLENGTH":2117,"INSTANCEID":"d0e9b236-6322-40b4-ac2d-a4c2a9e94991","PIPELINEID":"ed672bcf-a37e-45f2-9dfe-57a9ba98cec9","BUILDCOUNT":0,"PIPELINESTATUS":"PIPELINE_FINISH","PIPELINENAME":"VBCS_con_liquibase"},{"ID":161,"CREATIONDATE":"2021-01-13 16:40:47.609","MODIFICATIONDATE":"2021-05-12 19:42:32.369","VERSION":3,"JSON":"a_f19_mako-pipelineinstance-json-2.blob","JSONLENGTH":2117,"INSTANCEID":"5f79b5dd-5bf0-4e70-9cb8-8cc78e32962b","PIPELINEID":"ed672bcf-a37e-45f2-9dfe-57a9ba98cec9","BUILDCOUNT":0,"PIPELINESTATUS":"PIPELINE_FINISH","PIPELINENAME":"VBCS_con_liquibase"},{"ID":83,"CREATIONDATE":"2020-12-03 09:54:43.119","MODIFICATIONDATE":"2021-05-12 19:42:32.367","VERSION":3,"JSON":"a_f19_mako-pipelineinstance-json-3.blob","JSONLENGTH":2117,"INSTANCEID":"50e24935-bdb7-4ace-ada0-8090894cd423","PIPELINEID":"ed672bcf-a37e-45f2-9dfe-57a9ba98cec9","BUILDCOUNT":0,"PIPELINESTATUS":"PIPELINE_FINISH","PIPELINENAME":"VBCS_con_liquibase"},{"ID":402,"CREATIONDATE":"2021-04-29 09:45:43.644","MODIFICATIONDATE":"2021-05-12 19:42:32.376","VERSION":4,"JSON":"a_f19_mako-pipelineinstance-json-4.blob","JSONLENGTH":2195,"INSTANCEID":"09671628-c519-40b1-a095-e42f86462b70","PIPELINEID":"f2bf4d7d-aaf3-451d-9dda-6a2870a9d492","BUILDCOUNT":0,"PIPELINESTATUS":"PIPELINE_FINISH","PIPELINENAME":"VBCS_Liquibase_rollback"},{"ID":41,"CREATIONDATE":"2020-11-30 17:41:59.963","MODIFICATIONDATE":"2021-05-12 19:42:32.36","VERSION":3,"JSON":"a_f19_mako-pipelineinstance-json-5.blob","JSONLENGTH":2013,"INSTANCEID":"d00df439-6937-4b69-8e8b-310dbb2e6a5e","PIPELINEID":"f2bf4d7d-aaf3-451d-9dda-6a2870a9d492","BUILDCOUNT":0,"PIPELINESTATUS":"PIPELINE_FINISH","PIPELINENAME":"VBCS_Liquibase_rollback"},{"ID":62,"CREATIONDATE":"2020-12-01 09:28:14.742","MODIFICATIONDATE":"2021-05-12 19:42:32.366","VERSION":3,"JSON":"a_f19_mako-pipelineinstance-json-6.blob","JSONLENGTH":2115,"INSTANCEID":"637738e4-d028-44d2-b3e5-e985074cbed1","PIPELINEID":"ed672bcf-a37e-45f2-9dfe-57a9ba98cec9","BUILDCOUNT":0,"PIPELINESTATUS":"PIPELINE_FINISH","PIPELINENAME":"VBCS_con_liquibase"},{"ID":102,"CREATIONDATE":"2020-12-02 17:11:44.057","MODIFICATIONDATE":"2021-05-12 19:42:32.368","VERSION":3,"JSON":"a_f19_mako-pipelineinstance-json-7.blob","JSONLENGTH":2117,"INSTANCEID":"1a905a97-5425-4435-98d4-a018fb3d9e3f","PIPELINEID":"ed672bcf-a37e-45f2-9dfe-57a9ba98cec9","BUILDCOUNT":0,"PIPELINESTATUS":"PIPELINE_FINISH","PIPELINENAME":"VBCS_con_liquibase"},{"ID":101,"CREATIONDATE":"2020-12-02 16:35:53.182","MODIFICATIONDATE":"2021-05-12 19:42:32.367","VERSION":3,"JSON":"a_f19_mako-pipelineinstance-json-8.blob","JSONLENGTH":2117,"INSTANCEID":"2970b8e7-6f92-412c-a9f5-0d77d01aaf41","PIPELINEID":"ed672bcf-a37e-45f2-9dfe-57a9ba98cec9","BUILDCOUNT":0,"PIPELINESTATUS":"PIPELINE_FINISH","PIPELINENAME":"VBCS_con_liquibase"},{"ID":241,"CREATIONDATE":"2021-02-25 10:21:20.965","MODIFICATIONDATE":"2021-05-12 19:42:32.37","VERSION":4,"JSON":"a_f19_mako-pipelineinstance-json-9.blob","JSONLENGTH":2310,"INSTANCEID":"c1717cb0-e135-46e7-a9f8-a08827c4b5bf","PIPELINEID":"ed672bcf-a37e-45f2-9dfe-57a9ba98cec9","BUILDCOUNT":0,"PIPELINESTATUS":"PIPELINE_FINISH","PIPELINENAME":"VBCS_con_liquibase"},{"ID":281,"CREATIONDATE":"2021-02-26 10:19:19.996","MODIFICATIONDATE":"2021-05-12 19:42:32.371","VERSION":4,"JSON":"a_f19_mako-pipelineinstance-json-10.blob","JSONLENGTH":2310,"INSTANCEID":"1e11d6f0-246e-4595-8767-5326706b30d3","PIPELINEID":"ed672bcf-a37e-45f2-9dfe-57a9ba98cec9","BUILDCOUNT":0,"PIPELINESTATUS":"PIPELINE_FINISH","PIPELINENAME":"VBCS_con_liquibase"},{"ID":201,"CREATIONDATE":"2021-02-20 12:59:22.402","MODIFICATIONDATE":"2021-05-12 19:42:32.369","VERSION":4,"JSON":"a_f19_mako-pipelineinstance-json-11.blob","JSONLENGTH":2310,"INSTANCEID":"92573456-6cab-4c64-baa4-6a6b89d8a778","PIPELINEID":"ed672bcf-a37e-45f2-9dfe-57a9ba98cec9","BUILDCOUNT":0,"PIPELINESTATUS":"PIPELINE_FINISH","PIPELINENAME":"VBCS_con_liquibase"},{"ID":321,"CREATIONDATE":"2021-03-25 13:01:31.396","MODIFICATIONDATE":"2021-05-12 19:42:32.373","VERSION":4,"JSON":"a_f19_mako-pipelineinstance-json-12.blob","JSONLENGTH":2310,"INSTANCEID":"658d7720-394e-4d94-a1db-883225cbffb0","PIPELINEID":"ed672bcf-a37e-45f2-9dfe-57a9ba98cec9","BUILDCOUNT":0,"PIPELINESTATUS":"PIPELINE_FINISH","PIPELINENAME":"VBCS_con_liquibase"},{"ID":381,"CREATIONDATE":"2021-04-25 14:14:07.869","MODIFICATIONDATE":"2021-05-12 19:42:32.375","VERSION":4,"JSON":"a_f19_mako-pipelineinstance-json-13.blob","JSONLENGTH":2195,"INSTANCEID":"cf8c2ae6-e45e-4247-825a-4681f5b54746","PIPELINEID":"f2bf4d7d-aaf3-451d-9dda-6a2870a9d492","BUILDCOUNT":0,"PIPELINESTATUS":"PIPELINE_FINISH","PIPELINENAME":"VBCS_Liquibase_rollback"},{"ID":361,"CREATIONDATE":"2021-04-25 12:13:02.29","MODIFICATIONDATE":"2021-05-12 19:42:32.374","VERSION":4,"JSON":"a_f19_mako-pipelineinstance-json-14.blob","JSONLENGTH":2310,"INSTANCEID":"5c6f5b01-8194-4003-b421-0cd7137e92a9","PIPELINEID":"ed672bcf-a37e-45f2-9dfe-57a9ba98cec9","BUILDCOUNT":0,"PIPELINESTATUS":"PIPELINE_FINISH","PIPELINENAME":"VBCS_con_liquibase"},{"ID":401,"CREATIONDATE":"2021-04-29 09:04:05.003","MODIFICATIONDATE":"2021-05-12 19:42:32.375","VERSION":4,"JSON":"a_f19_mako-pipelineinstance-json-15.blob","JSONLENGTH":2310,"INSTANCEID":"f5559e9e-2cd8-443d-b6c7-6cc9d6f61cd7","PIPELINEID":"ed672bcf-a37e-45f2-9dfe-57a9ba98cec9","BUILDCOUNT":0,"PIPELINESTATUS":"PIPELINE_FINISH","PIPELINENAME":"VBCS_con_liquibase"},{"ID":341,"CREATIONDATE":"2021-03-25 13:41:15.855","MODIFICATIONDATE":"2021-05-12 19:42:32.373","VERSION":4,"JSON":"a_f19_mako-pipelineinstance-json-16.blob","JSONLENGTH":2195,"INSTANCEID":"7a1a300f-d2c1-4857-b54a-270bb928f1d0","PIPELINEID":"f2bf4d7d-aaf3-451d-9dda-6a2870a9d492","BUILDCOUNT":0,"PIPELINESTATUS":"PIPELINE_FINISH","PIPELINENAME":"VBCS_Liquibase_rollback"},{"ID":301,"CREATIONDATE":"2021-02-26 10:29:11.216","MODIFICATIONDATE":"2021-05-12 19:42:32.372","VERSION":4,"JSON":"a_f19_mako-pipelineinstance-json-17.blob","JSONLENGTH":2195,"INSTANCEID":"19af94d0-9c0d-4f79-a607-0ccd748ddfe9","PIPELINEID":"f2bf4d7d-aaf3-451d-9dda-6a2870a9d492","BUILDCOUNT":0,"PIPELINESTATUS":"PIPELINE_FINISH","PIPELINENAME":"VBCS_Liquibase_rollback"}]