[{"ID":1,"CREATIONDATE":"2020-11-26 15:41:21.32","MODIFICATIONDATE":"2020-12-01 09:13:38.266","VERSION":5,"JSON":"a_f19_mako-pipelinedefinition-json-1.blob","JSONLENGTH":1593,"PIPELINEID":"ed672bcf-a37e-45f2-9dfe-57a9ba98cec9","PIPELINENAME":"VBCS_con_liquibase","GITYAMLPATH":null},{"ID":2,"CREATIONDATE":"2020-11-27 10:06:56.487","MODIFICATIONDATE":"2020-11-27 10:07:15.192","VERSION":2,"JSON":"a_f19_mako-pipelinedefinition-json-2.blob","JSONLENGTH":1502,"PIPELINEID":"f2bf4d7d-aaf3-451d-9dda-6a2870a9d492","PIPELINENAME":"VBCS_Liquibase_rollback","GITYAMLPATH":null}]