[{"ID":2,"CREATIONDATE":"2020-11-17 18:30:29.011","MODIFICATIONDATE":"2021-06-03 08:34:52.112","VERSION":9856,"JSON":"a_f19_mako-typed-json-1.blob","PERSISTENCETYPE":"FUTURE","JSONLENGTH":34},{"ID":1,"CREATIONDATE":"2020-11-17 18:18:13.55","MODIFICATIONDATE":"2020-11-17 18:18:13.55","VERSION":1,"JSON":"a_f19_mako-typed-json-2.blob","PERSISTENCETYPE":"PROJECT_CONFIG","JSONLENGTH":94},{"ID":21,"CREATIONDATE":"2020-11-19 16:21:25.681","MODIFICATIONDATE":"2021-04-29 09:48:26.477","VERSION":102,"JSON":"a_f19_mako-typed-json-3.blob","PERSISTENCETYPE":"RECENT_TASKS","JSONLENGTH":372283},{"ID":41,"CREATIONDATE":"2020-11-21 14:36:05.543","MODIFICATIONDATE":"2020-11-30 17:24:00.132","VERSION":7,"JSON":"a_f19_mako-typed-json-4.blob","PERSISTENCETYPE":"KEYSTORE","JSONLENGTH":6572}]