[{"name":"ISEQ$$_3339602","lastNumber":1},{"name":"WIKIPAGEWATCH_SEQ","lastNumber":1},{"name":"ISEQ$$_3339626","lastNumber":1},{"name":"PERSON_SEQ","lastNumber":41},{"name":"ISEQ$$_3339616","lastNumber":1},{"name":"PAGECONTENT_SEQ","lastNumber":1},{"name":"ATTACHMENTCONTENT_SEQ","lastNumber":1},{"name":"ISEQ$$_3339596","lastNumber":1},{"name":"ISEQ$$_3339640","lastNumber":1},{"name":"WIKICOMMENT_ID_SEQ","lastNumber":1},{"name":"WIKIDRAFT_SEQ","lastNumber":1},{"name":"ATTACHMENT_SEQ","lastNumber":1},{"name":"CONFIGURATIONPROPERTY_SEQ","lastNumber":2},{"name":"WIKICOMMENT_AUTHOR_ID_SEQ","lastNumber":1},{"name":"PAGE_SEQ","lastNumber":1},{"name":"WIKIPROJECTWATCH_SEQ","lastNumber":1}]