[{"ID":1,"VALUE":"UNCONFIRMED","SORTKEY":100,"ISACTIVE":1,"VISIBILITY_VALUE_ID":null,"IS_OPEN":1},{"ID":2,"VALUE":"NEW","SORTKEY":200,"ISACTIVE":1,"VISIBILITY_VALUE_ID":null,"IS_OPEN":1},{"ID":3,"VALUE":"ASSIGNED","SORTKEY":300,"ISACTIVE":1,"VISIBILITY_VALUE_ID":null,"IS_OPEN":1},{"ID":4,"VALUE":"REOPENED","SORTKEY":400,"ISACTIVE":1,"VISIBILITY_VALUE_ID":null,"IS_OPEN":1},{"ID":5,"VALUE":"RESOLVED","SORTKEY":500,"ISACTIVE":1,"VISIBILITY_VALUE_ID":null,"IS_OPEN":0},{"ID":6,"VALUE":"VERIFIED","SORTKEY":600,"ISACTIVE":1,"VISIBILITY_VALUE_ID":null,"IS_OPEN":0},{"ID":7,"VALUE":"CLOSED","SORTKEY":700,"ISACTIVE":1,"VISIBILITY_VALUE_ID":null,"IS_OPEN":0},{"ID":8,"VALUE":"New","SORTKEY":800,"ISACTIVE":1,"VISIBILITY_VALUE_ID":null,"IS_OPEN":1},{"ID":9,"VALUE":"In Process","SORTKEY":900,"ISACTIVE":1,"VISIBILITY_VALUE_ID":null,"IS_OPEN":1},{"ID":10,"VALUE":"Approved","SORTKEY":1000,"ISACTIVE":1,"VISIBILITY_VALUE_ID":null,"IS_OPEN":1},{"ID":11,"VALUE":"Rejected","SORTKEY":1100,"ISACTIVE":1,"VISIBILITY_VALUE_ID":null,"IS_OPEN":1},{"ID":12,"VALUE":"Cancelled","SORTKEY":1200,"ISACTIVE":1,"VISIBILITY_VALUE_ID":null,"IS_OPEN":0},{"ID":13,"VALUE":"Merged","SORTKEY":1300,"ISACTIVE":1,"VISIBILITY_VALUE_ID":null,"IS_OPEN":0},{"ID":14,"VALUE":"None","SORTKEY":1400,"ISACTIVE":1,"VISIBILITY_VALUE_ID":null,"IS_OPEN":1},{"ID":15,"VALUE":"Closed","SORTKEY":1500,"ISACTIVE":1,"VISIBILITY_VALUE_ID":null,"IS_OPEN":0}]