[{"BUG_ID":1,"ASSIGNED_TO":21,"BUG_FILE_LOC":null,"BUG_SEVERITY":"normal","BUG_STATUS":"Merged","CREATION_TS":"2020-12-02 16:29:33.746","DELTA_TS":"2020-12-02 16:31:49.21","SHORT_DESC":"Merge Request for branch 'ivansampedrooraclecom-20201201092413'","OP_SYS":null,"PRIORITY":"Normal","PRODUCT_ID":1,"REP_PLATFORM":null,"REPORTER":41,"VERSION":null,"COMPONENT_ID":1,"RESOLUTION":null,"TARGET_MILESTONE":"---","QA_CONTACT":null,"STATUS_WHITEBOARD":null,"VOTES":0,"KEYWORDS":null,"LASTDIFFED":null,"EVERCONFIRMED":0,"REPORTER_ACCESSIBLE":1,"CCLIST_ACCESSIBLE":1,"ESTIMATED_TIME":null,"REMAINING_TIME":0,"DEADLINE":null,"ALIAS":null,"CF_TASKTYPE":"Review","CF_ITERATION":"---","CF_TASK_RELATIONS":null,"CF_COMMITS":null,"STORY_POINTS":null,"DTYPE":"REVIEW","REVIEWBRANCH":"ivansampedrooraclecom-20201201092413","REVIEWREPOSITORYNAME":"gigispoll_vbcs.git","TARGETBRANCH":"master"}]