[{"ID":1,"NAME":"admin","DESCRIPTION":"Administrators","ISBUGGROUP":0,"USERREGEXP":null,"ISACTIVE":1,"ICON_URL":null},{"ID":2,"NAME":"tweakparams","DESCRIPTION":"Can change Parameters","ISBUGGROUP":0,"USERREGEXP":null,"ISACTIVE":1,"ICON_URL":null},{"ID":3,"NAME":"editusers","DESCRIPTION":"Can edit or disable users","ISBUGGROUP":0,"USERREGEXP":null,"ISACTIVE":1,"ICON_URL":null},{"ID":4,"NAME":"creategroups","DESCRIPTION":"Can create and destroy groups","ISBUGGROUP":0,"USERREGEXP":null,"ISACTIVE":1,"ICON_URL":null},{"ID":5,"NAME":"editclassifications","DESCRIPTION":"Can create, destroy, and edit classifications","ISBUGGROUP":0,"USERREGEXP":null,"ISACTIVE":1,"ICON_URL":null},{"ID":6,"NAME":"editcomponents","DESCRIPTION":"Can create, destroy, and edit components","ISBUGGROUP":0,"USERREGEXP":null,"ISACTIVE":1,"ICON_URL":null},{"ID":7,"NAME":"editkeywords","DESCRIPTION":"Can create, destroy, and edit keywords","ISBUGGROUP":0,"USERREGEXP":null,"ISACTIVE":1,"ICON_URL":null},{"ID":8,"NAME":"editbugs","DESCRIPTION":"Can edit all bug fields","ISBUGGROUP":0,"USERREGEXP":".*","ISACTIVE":1,"ICON_URL":null},{"ID":9,"NAME":"canconfirm","DESCRIPTION":"Can confirm a bug or mark it a duplicate","ISBUGGROUP":0,"USERREGEXP":null,"ISACTIVE":1,"ICON_URL":null},{"ID":10,"NAME":"bz_canusewhines","DESCRIPTION":"User can configure whine reports for self","ISBUGGROUP":0,"USERREGEXP":null,"ISACTIVE":1,"ICON_URL":null},{"ID":11,"NAME":"bz_sudoers","DESCRIPTION":"Can perform actions as other users","ISBUGGROUP":0,"USERREGEXP":null,"ISACTIVE":1,"ICON_URL":null},{"ID":12,"NAME":"bz_canusewhineatothers","DESCRIPTION":"Can configure whine reports for other users","ISBUGGROUP":0,"USERREGEXP":null,"ISACTIVE":1,"ICON_URL":null},{"ID":13,"NAME":"bz_sudo_protect","DESCRIPTION":"Can not be impersonated by other users","ISBUGGROUP":0,"USERREGEXP":null,"ISACTIVE":1,"ICON_URL":null}]