[{"COMMENT_ID":1,"BUG_ID":1,"WHO":41,"BUG_WHEN":"2020-12-02 16:29:33.746","WORK_TIME":0,"THETEXT":"a_f19_tasks-longdescs-thetext-1.clob","ISPRIVATE":0,"ALREADY_WRAPPED":1,"TYPE":1,"EXTRA_DATA":null,"MODIFICATION_TIME":"2020-12-02 16:29:33.746","DTYPE":"Comment","PARENT_COMMENT_ID":null,"COMMIT_ID":null,"FILENAME":null,"LINE":null,"COMMIT_STATUS":null,"CACHED_LINE":null,"CACHED_COMMIT_ID":null,"BASE_COMMIT_ID":null},{"COMMENT_ID":2,"BUG_ID":1,"WHO":41,"BUG_WHEN":"2020-12-02 16:29:34.595","WORK_TIME":0,"THETEXT":"a_f19_tasks-longdescs-thetext-2.clob","ISPRIVATE":0,"ALREADY_WRAPPED":0,"TYPE":6,"EXTRA_DATA":null,"MODIFICATION_TIME":"2020-12-02 16:29:34.595","DTYPE":"REVIEW","PARENT_COMMENT_ID":null,"COMMIT_ID":null,"FILENAME":null,"LINE":null,"COMMIT_STATUS":"Not Applicable","CACHED_LINE":null,"CACHED_COMMIT_ID":null,"BASE_COMMIT_ID":null},{"COMMENT_ID":3,"BUG_ID":1,"WHO":21,"BUG_WHEN":"2020-12-02 16:29:32.0","WORK_TIME":0,"THETEXT":"a_f19_tasks-longdescs-thetext-3.clob","ISPRIVATE":0,"ALREADY_WRAPPED":0,"TYPE":7,"EXTRA_DATA":null,"MODIFICATION_TIME":"2020-12-02 16:29:32.0","DTYPE":"REVIEW","PARENT_COMMENT_ID":null,"COMMIT_ID":"50a11fd03e099a3a93bc3dcd329c6755e5108eb9","FILENAME":null,"LINE":null,"COMMIT_STATUS":"Not Merged","CACHED_LINE":null,"CACHED_COMMIT_ID":null,"BASE_COMMIT_ID":null},{"COMMENT_ID":4,"BUG_ID":1,"WHO":1,"BUG_WHEN":"2020-12-02 16:30:59.507","WORK_TIME":0,"THETEXT":null,"ISPRIVATE":0,"ALREADY_WRAPPED":0,"TYPE":15,"EXTRA_DATA":null,"MODIFICATION_TIME":"2020-12-02 16:30:59.507","DTYPE":"REVIEW","PARENT_COMMENT_ID":null,"COMMIT_ID":null,"FILENAME":null,"LINE":null,"COMMIT_STATUS":"Not Applicable","CACHED_LINE":null,"CACHED_COMMIT_ID":null,"BASE_COMMIT_ID":null},{"COMMENT_ID":5,"BUG_ID":1,"WHO":1,"BUG_WHEN":"2020-12-02 16:30:59.507","WORK_TIME":0,"THETEXT":"a_f19_tasks-longdescs-thetext-5.clob","ISPRIVATE":0,"ALREADY_WRAPPED":0,"TYPE":11,"EXTRA_DATA":null,"MODIFICATION_TIME":"2020-12-02 16:30:59.507","DTYPE":"REVIEW","PARENT_COMMENT_ID":4,"COMMIT_ID":null,"FILENAME":null,"LINE":null,"COMMIT_STATUS":"Not Applicable","CACHED_LINE":null,"CACHED_COMMIT_ID":null,"BASE_COMMIT_ID":null},{"COMMENT_ID":6,"BUG_ID":1,"WHO":21,"BUG_WHEN":"2020-12-02 16:31:49.211","WORK_TIME":0,"THETEXT":"a_f19_tasks-longdescs-thetext-6.clob","ISPRIVATE":0,"ALREADY_WRAPPED":0,"TYPE":17,"EXTRA_DATA":null,"MODIFICATION_TIME":"2020-12-02 16:31:49.211","DTYPE":"REVIEW","PARENT_COMMENT_ID":null,"COMMIT_ID":"bb72f55f20030e827f463850ace2e0f73c0f69e1","FILENAME":null,"LINE":null,"COMMIT_STATUS":"Not Applicable","CACHED_LINE":null,"CACHED_COMMIT_ID":null,"BASE_COMMIT_ID":null}]