[{"USERID":21,"LOGIN_NAME":"ivan.sampedro@oracle.com","CRYPTPASSWORD":null,"REALNAME":"Iván Sampedro","DISABLEDTEXT":null,"DISABLE_MAIL":0,"MYBUGSLINK":0,"EXTERN_ID":"7adbd9c478fa3539473d28d56396fc7f"},{"USERID":41,"LOGIN_NAME":"!TRUSTED_HOST!","CRYPTPASSWORD":null,"REALNAME":"System","DISABLEDTEXT":null,"DISABLE_MAIL":0,"MYBUGSLINK":0,"EXTERN_ID":null},{"USERID":42,"LOGIN_NAME":"SYSTEM","CRYPTPASSWORD":null,"REALNAME":"SYSTEM","DISABLEDTEXT":null,"DISABLE_MAIL":0,"MYBUGSLINK":0,"EXTERN_ID":null},{"USERID":1,"LOGIN_NAME":"carlos.casares@oracle.com","CRYPTPASSWORD":null,"REALNAME":"Carlos Casares","DISABLEDTEXT":null,"DISABLE_MAIL":0,"MYBUGSLINK":0,"EXTERN_ID":"b7eda1f75191e52f9273bc9b93c0cd53"},{"USERID":43,"LOGIN_NAME":"luis.nogueira@oracle.com","CRYPTPASSWORD":null,"REALNAME":"Luis Nogueira","DISABLEDTEXT":null,"DISABLE_MAIL":0,"MYBUGSLINK":0,"EXTERN_ID":"c67d0b81e716120e033a48cc3af0585a"},{"USERID":63,"LOGIN_NAME":"jesus.brasero@oracle.com","CRYPTPASSWORD":null,"REALNAME":"Jesús Brasero","DISABLEDTEXT":null,"DISABLE_MAIL":0,"MYBUGSLINK":1,"EXTERN_ID":"3fee353a282a01a01ffe00757036a356"}]