[{"OLD_STATUS":null,"NEW_STATUS":1,"REQUIRE_COMMENT":0},{"OLD_STATUS":null,"NEW_STATUS":2,"REQUIRE_COMMENT":0},{"OLD_STATUS":null,"NEW_STATUS":3,"REQUIRE_COMMENT":0},{"OLD_STATUS":1,"NEW_STATUS":2,"REQUIRE_COMMENT":0},{"OLD_STATUS":1,"NEW_STATUS":3,"REQUIRE_COMMENT":0},{"OLD_STATUS":1,"NEW_STATUS":5,"REQUIRE_COMMENT":0},{"OLD_STATUS":2,"NEW_STATUS":3,"REQUIRE_COMMENT":0},{"OLD_STATUS":2,"NEW_STATUS":5,"REQUIRE_COMMENT":0},{"OLD_STATUS":3,"NEW_STATUS":2,"REQUIRE_COMMENT":0},{"OLD_STATUS":3,"NEW_STATUS":5,"REQUIRE_COMMENT":0},{"OLD_STATUS":4,"NEW_STATUS":2,"REQUIRE_COMMENT":0},{"OLD_STATUS":4,"NEW_STATUS":3,"REQUIRE_COMMENT":0},{"OLD_STATUS":4,"NEW_STATUS":5,"REQUIRE_COMMENT":0},{"OLD_STATUS":5,"NEW_STATUS":4,"REQUIRE_COMMENT":0},{"OLD_STATUS":5,"NEW_STATUS":6,"REQUIRE_COMMENT":0},{"OLD_STATUS":5,"NEW_STATUS":7,"REQUIRE_COMMENT":0},{"OLD_STATUS":6,"NEW_STATUS":4,"REQUIRE_COMMENT":0},{"OLD_STATUS":6,"NEW_STATUS":7,"REQUIRE_COMMENT":0},{"OLD_STATUS":7,"NEW_STATUS":4,"REQUIRE_COMMENT":0},{"OLD_STATUS":6,"NEW_STATUS":5,"REQUIRE_COMMENT":0},{"OLD_STATUS":7,"NEW_STATUS":5,"REQUIRE_COMMENT":0}]