[{"fileName":"liquibase-mako-db-master-oracle.xml","path":"META-INF/liquibase","hash":"af586f349576ab04523272320d0cee580b9e300a20a89987eb3f418a60fb3743","isMaster":true},{"fileName":"liquibase-mako-db-schema-1.0.xml","path":"META-INF/liquibase","hash":"5d91eaa491f931112839680da088f893f273eea9b820431aa9eb4e17c9411a0b","isMaster":false},{"fileName":"liquibase-mako-db-schema-1.0-oracle.xml","path":"META-INF/liquibase","hash":"ee980b2a474be1f9957647e6d4d8c1419620c6bb0d1f904e383d6dc30a0f85c9","isMaster":false}]