[{"name":"ISEQ$$_3339569","lastNumber":1},{"name":"PIPELINEDEFINITION_SEQ","lastNumber":21},{"name":"JOBDATA_SEQ","lastNumber":61},{"name":"TASK_SEQ","lastNumber":581},{"name":"ISEQ$$_3339768","lastNumber":1},{"name":"BUILDLIST_SEQ","lastNumber":1},{"name":"ISEQ$$_3339561","lastNumber":1},{"name":"ISEQ$$_3339780","lastNumber":1},{"name":"LOGSEGMENT_SEQ","lastNumber":1461},{"name":"ISEQ$$_3339586","lastNumber":1},{"name":"ISEQ$$_3339522","lastNumber":1},{"name":"ISEQ$$_3339544","lastNumber":1},{"name":"PIPELINE_SEQ","lastNumber":1},{"name":"BUILDOUTPUT_SEQ","lastNumber":242},{"name":"TYPED_SEQ","lastNumber":61},{"name":"LOG_SEQ","lastNumber":551},{"name":"JOBSCMURL_SEQ","lastNumber":261},{"name":"TREND_SEQ","lastNumber":1},{"name":"YAMLSTATUS_SEQ","lastNumber":1},{"name":"ISEQ$$_3339879","lastNumber":1},{"name":"BUILD_SEQ","lastNumber":581},{"name":"ISEQ$$_3339817","lastNumber":1},{"name":"JOBOUTPUT_SEQ","lastNumber":121},{"name":"STORAGECREDENTIAL_SEQ","lastNumber":1},{"name":"ISEQ$$_3339838","lastNumber":1},{"name":"ISEQ$$_3339550","lastNumber":1},{"name":"ISEQ$$_3339791","lastNumber":1},{"name":"BUILDDATA_SEQ","lastNumber":551},{"name":"ISEQ$$_3339574","lastNumber":1},{"name":"ISEQ$$_3339651","lastNumber":1},{"name":"JOBCONFIG_SEQ","lastNumber":1},{"name":"ISEQ$$_3339532","lastNumber":1},{"name":"ISEQ$$_3339873","lastNumber":1},{"name":"ISEQ$$_3339850","lastNumber":1},{"name":"ISEQ$$_3339512","lastNumber":1},{"name":"ISEQ$$_3339556","lastNumber":1},{"name":"EVENT_SEQ","lastNumber":760},{"name":"PIPELINEINSTANCE_SEQ","lastNumber":421},{"name":"ARTIFACT_SEQ","lastNumber":1},{"name":"ISEQ$$_3339581","lastNumber":1},{"name":"JOB_SEQ","lastNumber":61},{"name":"ISEQ$$_3339719","lastNumber":1}]